facility,confirmed,presumed,total,name,formatted_address,county,lat,lng,place_id,results
DAUGHTERS OF SARAH NURSING CENTER,1,0,1,Daughters of Sarah,"180 Washington Ave Ext, Albany, NY 12203, United States",Albany,42.698561,-73.8535868,ChIJAxb5H7h03okRU1JBRVlnW0g,1
HUDSON PARK REHABILITATION AND NURSING CENTER,4,0,4,Hudson Park Rehabilitation and Nursing Center,"325 Northern Blvd, Albany, NY 12204, United States",Albany,42.6718761,-73.753423,ChIJTx16L9cL3okRJfgzFsbHCG4,1
OUR LADY OF MERCY LIFE CENTER,11,1,12,Our Lady of Mercy Life Center,"2 Mercy Care Ln, Guilderland, NY 12084, United States",Albany,42.7001905,-73.906998,ChIJ7WziVEF03okREkdHL8NJaSc,1
SHAKER PLACE REHABILITATION AND NURSING CENTER,9,0,9,Shaker Place Rehabilitation & Nursing Center,"100 Heritage Ln, Albany, NY 12211, United States",Albany,42.7434001,-73.81366919999999,ChIJsSCz36QN3okRU7VcXH2hUJ0,1
ST. PETER'S NURSING AND REHABILITATION CENTER,3,0,3,St. Peter's Nursing and Rehabilitation Center,"301 Hackett Blvd, Albany, NY 12208, United States",Albany,42.65427589999999,-73.8053296,ChIJuWDwl_IK3okRvj_nppVihJ8,1
TERESIAN HOUSE NURSING HOME CO INC,17,0,17,Teresian House Center for the Elderly,"200 Washington Ave Ext, Albany, NY 12203, United States",Albany,42.701733,-73.856482,ChIJPRJIdbl03okRl5c4qYkb7Ek,1
THE GRAND REHABILITATION AND NURSING AT GUILDERLAND,3,0,3,The Grand Rehabilitation and Nursing at Guilderland,"428 NY-146, Altamont, NY 12009, United States",Albany,42.701198,-73.9608774,ChIJd2q50PJ23okRos5VyXafz60,1
BAINBRIDGE NURSING & REHABILITATION CENTER,4,6,10,Bainbridge Nursing,"3518 Bainbridge Ave, The Bronx, NY 10467, United States",Bronx,40.881581,-73.87774399999999,ChIJ7w1ijg3zwokRlbWxhfC3iig,1
BETH ABRAHAM CENTER FOR REHABILITATION AND NURSING,6,15,21,Beth Abraham Center for Rehabilitation and Nursing,"612 Allerton Ave, The Bronx, NY 10467, United States",Bronx,40.8646716,-73.8699773,ChIJG6DBY2bzwokRcaFzBCeK8BU,1
BRONX CENTER FOR REHABILITATION & HEALTH CARE,5,13,18,Bronx Center for Rehabilitation and Nursing,"1010 Underhill Ave, The Bronx, NY 10472, United States",Bronx,40.826735,-73.860866,ChIJ41hOSsP0wokRS54GCXZVMoI,2
BRONX GARDENS REHABILITATION AND NURSING CENTER,5,14,19,Bronx Gardens Rehabilitation & Nursing Center,"2175 Quarry Rd, The Bronx, NY 10457, United States",Bronx,40.852636,-73.89135739999999,ChIJyy9DoX30wokR9ytevrhiXwY,1
BRONX PARK REHABILITATION & NURSING CENTER,7,14,21,Bronx Park Rehabilitation,"3845 Carpenter Ave, The Bronx, NY 10467, United States",Bronx,40.8858101,-73.8651312,ChIJZR6QVj3zwokRjy60xXk-qEY,1
BRONXCARE SPECIAL CARE CENTER,7,1,8,BronxCare Special Care Center,"1265 Fulton Ave, The Bronx, NY 10456, United States",Bronx,40.8313502,-73.90377339999999,ChIJY7esc0_0wokRRkP4JiTiwIo,1
"CONCOURSE REHABILITATION AND NURSING CENTER, INC",7,16,23,Concourse Rehab & Nursing Center,"1072 Grand Concourse, The Bronx, NY 10456, United States",Bronx,40.8317016,-73.9196123,ChIJww7lOzH0wokRLRsGgIPl7S0,1
EAST HAVEN NURSING & REHABILITATION CENTER,7,7,14,East Haven Nursing And Rehabilitation Center,"2323 Eastchester Rd #27, The Bronx, NY 10469, United States",Bronx,40.8601913,-73.8434241,ChIJPRD7FlPzwokRYdUZDbbtwas,1
EASTCHESTER REHABILITATION AND HEALTH CARE CENTER,0,2,2,Eastchester Rehab & Health,"2700 Eastchester Rd, The Bronx, NY 10469, United States",Bronx,40.8656559,-73.8427793,ChIJMSFjJk3zwokRgToBYr6ExOE,1
FIELDSTON LODGE CARE CENTER,1,14,15,Fieldstone Lodge,"666 Kappock St, The Bronx, NY 10463, United States",Bronx,40.8803658,-73.9189894,ChIJJzcuXenzwokRBrW61hBREWc,1
FORDHAM NURSING AND REHABILITATION CENTER,3,0,3,Fordham Nursing and Rehabilitation Center,"2678 Kingsbridge Terrace, The Bronx, NY 10463, United States",Bronx,40.8704379,-73.9040188,ChIJWyaTYo7zwokRhVJNb3rWGJ4,1
GOLD CREST CARE CENTER,3,3,6,Gold Crest Care Center,"2316 Bruner Ave, The Bronx, NY 10469, United States",Bronx,40.859312,-73.8331516,ChIJoRPZ_a6MwokRJSMPjFf2AdM,1
GRAND MANOR NURSING & REHABILITATION CENTER,3,0,3,Grand Manor Nursing & Rehabilitation Center,"700 White Plains Rd, The Bronx, NY 10473, United States",Bronx,40.820352,-73.857407,ChIJ4UXQcdn0wokRjyOCa-m2O84,1
HEBREW HOME FOR THE AGED AT RIVERDALE,13,8,21,The Hebrew Home at Riverdale by RiverSpring Health,"5901 Palisade Ave, The Bronx, NY 10471, United States",Bronx,40.9091633,-73.90886789999999,ChIJdUf0D0nywokRfSsgKqqM_Ng,1
HUDSON POINTE AT RIVERDALE CENTER FOR NURSING AND,3,11,14,Hudson Pointe at Riverdale Center for Nursing and Rehabilitation,"3220 Henry Hudson Pkwy, The Bronx, NY 10463, United States",Bronx,40.884638,-73.913989,ChIJr8rwP8DzwokRPpBZCWSpfsc,1
KINGS HARBOR MULTICARE CENTER,51,8,59,Kings Harbor Multicare Center,"2000 E Gun Hill Rd, The Bronx, NY 10469, United States",Bronx,40.8604455,-73.8301616,ChIJQ7XAWaWMwokRTc0FFOQLUTY,1
LACONIA NURSING HOME,1,8,9,Laconia Nursing Home,"1050 E 230th St, The Bronx, NY 10466, United States",Bronx,40.887625,-73.848219,ChIJg0gRoi7zwokRfbjH3wZQD9I,1
MANHATTANVILLE HEALTH CARE CENTER,4,1,5,Manhattanville Health Care Center,"311 W 231st St, The Bronx, NY 10463, United States",Bronx,40.8812431,-73.9086923,ChIJzbXVTY7zwokRuV0M5PU5wT8,1
METHODIST HOME FOR NURSING AND REHABILITATION,10,0,10,Methodist Home Nursing and Rehabilitation,"4499 Manhattan College Pkwy, The Bronx, NY 10471, United States",Bronx,40.8904619,-73.9031434,ChIJ97bOmbrzwokRr6z-Sn2zpq0,1
MORNINGSIDE NURSING AND REHABILITATION CENTER,6,11,17,Morningside Nursing and Rehabilitation Center,"1000 Pelham Pkwy S, The Bronx, NY 10461, United States",Bronx,40.8565417,-73.85916739999999,ChIJm9ZNrVjzwokRdEYNLB4NNXc,1
MORRIS PARK REHABILITATION AND NURSING CENTER,3,20,23,Morris Park Rehabilitation & Nursing Center,"1235 Pelham Pkwy N, The Bronx, NY 10469, United States",Bronx,40.8587593,-73.8514993,ChIJNaZyPVfzwokRJTcBuWjTVzY,1
MOSHOLU PARKWAY NURSING & REHABILITATION CENTER,0,18,18,Mosholu Parkway Nursing & Rehab Center,"3356 Perry Ave, The Bronx, NY 10467, United States",Bronx,40.8785512,-73.8743837,ChIJ_6S12RLzwokRs5j_e4tpTd0,1
PARK GARDENS REHABILITATION & NURSING CENTER LLC,4,2,6,Park Gardens Rehabilitation & Nursing Center,"6585 Broadway, The Bronx, NY 10471, United States",Bronx,40.9081267,-73.8967791,ChIJAzwbHVHywokR26NjMXprfEs,1
PELHAM PARKWAY NURSING CARE AND REHABILITATION FACILITY,3,12,15,Pelham Parkway Nursing Home,"2401 Laconia Ave, The Bronx, NY 10469, United States",Bronx,40.8613991,-73.85621909999999,ChIJfan-NFrzwokRXPWxcqZtm7I,1
PINNACLE MULTICARE NURSING AND REHABILITATION CENTER,2,0,2,Pinnacle Multicare Nursing & Rehabilitation Center,"801 Co Op City Blvd, The Bronx, NY 10475, United States",Bronx,40.879521,-73.8291328,ChIJ4XfN2xONwokRWxT1glp3DO0,1
"PROVIDENCE REST, INC.",7,10,17,Providence Rest,"3304 Waterbury Ave, The Bronx, NY 10465, United States",Bronx,40.837299,-73.8171856,ChIJJb56ekKLwokRZPPGfTphqRE,1
REBEKAH REHAB AND EXTENDED CARE CENTER,3,19,22,Rebekah Rehab Extended Care Center,"1072 Havemeyer Ave, The Bronx, NY 10462, United States",Bronx,40.8306049,-73.8469594,ChIJ6SEj-cv0wokRt9JqK5682ts,1
REGEIS CARE CENTER,3,5,8,Regeis Care Center,"3200 Baychester Ave, The Bronx, NY 10475, United States",Bronx,40.8772008,-73.8355924,ChIJsXTRrM6MwokROhJztwGSJw0,1
RIVERDALE NURSING HOME,1,2,3,Riverdale Nursing Home,"641 W 230th St, The Bronx, NY 10463, United States",Bronx,40.88246150000001,-73.9150062,ChIJneJi8-rzwokRcXywD24zztU,2
SCHERVIER NURSING CARE CENTER,4,36,40,Schervier Rehabilitation and Nursing Center,"2975 Independence Ave, The Bronx, NY 10463, United States",Bronx,40.8832253,-73.9187839,ChIJ2eDiKurzwokRH3ukw9V9Yog,1
SPLIT ROCK REHABILITATION AND HEALTH CARE CENTER,5,8,13,Split Rock Rehabilitation and Health Care Center,"3525 Baychester Ave, The Bronx, NY 10466, United States",Bronx,40.881943,-73.839561,ChIJZedQcM2MwokR_a1qSv7UuLg,1
ST PATRICKS HOME,24,14,38,St. Patrick's Home Rehabilitation and Health Care,"66 Van Cortlandt Park S #3102, The Bronx, NY 10463, United States",Bronx,40.8841404,-73.8879692,ChIJTYcUDwrzwokRf8swglqw1Cs,1
ST VINCENT DEPAUL RESIDENCE,21,0,21,St Vincent De Paul Nursing Home,"900 Intervale Ave #4240, The Bronx, NY 10459, United States",Bronx,40.8193468,-73.8958521,ChIJpY7QZqz1wokRVrTAiGvN0XI,1
THE CITADEL REHAB AND NURSING CENTER AT KINGSBRIDGE,4,48,52,Citadel Rehabilitation and Nursing Center at Kingsbridge,"3400 Cannon Pl, The Bronx, NY 10463, United States",Bronx,40.88042370000001,-73.89848049999999,ChIJq6eBepjzwokRnveKq_XLBpU,1
THE PLAZA REHAB AND NURSING CENTER,14,49,63,The Plaza Rehabilitation and Nursing Center,"100 W Kingsbridge Rd, The Bronx, NY 10468, United States",Bronx,40.86833670000001,-73.9021616,ChIJs_TVao_zwokRmf8t9zpS_vQ,1
THROGS NECK REHABILITATION & NURSING CENTER,1,34,35,Throgs Neck Rehabilitation & Nursing Center,"707 Throgs Neck Expy, The Bronx, NY 10465, United States",Bronx,40.8282918,-73.819114,ChIJhUsCzj-LwokRbbpZXLpTsX8,1
TRIBORO CENTER FOR REHABILITATION AND NURSING,2,12,14,Triboro Center,"1160 Teller Ave, The Bronx, NY 10456, United States",Bronx,40.8313985,-73.91186619999999,ChIJx-KX1En0wokRxc1hmVGNE40,1
UNIVERSITY CENTER FOR REHABILITATION AND NURSING,2,2,4,University Nursing Home,"2505 Grand Ave, The Bronx, NY 10468, United States",Bronx,40.864844,-73.90192900000001,ChIJKVOLjIjzwokRtllEOcWGTfw,1
WILLIAMSBRIDGE CENTER FOR REHABILITATION AND NURSING,2,1,3,Williamsbridge Center for Rehabilitation and Nursing,"1540 Tomlinson Ave, The Bronx, NY 10461, United States",Bronx,40.8458445,-73.8485685,ChIJWdivEq70wokRXxIssTi9oR8,1
WORKMEN'S CIRCLE MULTICARE CENTER,9,8,17,Workmen's Circle MultiCare Center,"3155 Grace Ave, The Bronx, NY 10469, United States",Bronx,40.87425289999999,-73.83731949999999,ChIJy9KVOMqMwokREkHmnl-NFTo,1
"SUSQUEHANNA NURSING & REHABILITATION CENTER, LLC",12,1,13,Susquehanna Nursing & Rehabilitation Center,"282 Riverside Dr, Johnson City, NY 13790, United States",Broome,42.0999743,-75.9591609,ChIJWc7ot-ju2okRvMtbdP9bNmw,1
VESTAL PARK REHABILITATION AND NURSING CENTER,7,2,9,Vestal Park Rehabilitation and Nursing Center,"105 W Sheedy Rd, Vestal, NY 13850, United States",Broome,42.0532114,-76.0329246,ChIJn-U4eX3s2okRBXLnDnqcqLI,1
WILLOW POINT REHABILITATION AND NURSING CENTER,1,0,1,Willow Point Nursing Home,"3700 Vestal Rd, Vestal, NY 13850, United States",Broome,42.100273,-75.986391,ChIJE7rmyJju2okRoQdp_9TQnUA,1
NYS VETERANS HOME,2,0,2,"New York State Veterans' Home, St. Albans","17850 Linden Blvd, Jamaica, NY 11434, United States",Chenango,40.6885109,-73.7694956,ChIJF5hLQUphwokRKs8b9qz1qfo,1
PINE HAVEN HOME,7,4,11,Pine Haven Nursing and Rehabilitation Center,"201 Main St, Philmont, NY 12565, United States",Columbia,42.252826,-73.63949,ChIJzdRk2JGN3YkRMq9n2fJW84c,2
THE GRAND REHABILITATION AND NURSING AT BARNWELL,7,0,7,The Grand Rehabilitation and Nursing at Barnwell,"3230 Church St, Valatie, NY 12184, United States",Columbia,42.4190686,-73.6734389,ChIJAduZ2DXu3YkRo0qqnxR7qJ4,1
FERNCLIFF NURSING HOME CO INC,14,1,15,ArchCare at Ferncliff Nursing Home and Rehabilitation Center,"21 Ferncliff Dr, Rhinebeck, NY 12572, United States",Dutchess,41.9433289,-73.9351555,ChIJM4KKtx8M3YkRSD-J-ccK-RY,1
FISHKILL CENTER FOR REHABILITATION AND NURSING,1,0,1,Fishkill Center for Rehabilitation and Nursing,"22 Robert R Kasin Way, Beacon, NY 12508, United States",Dutchess,41.5210681,-73.97228,ChIJa2SpflQx3YkRs0Ba8wW-Xf8,1
"NORTHERN DUTCHESS RES HEALTH CARE FACILITY, INC",1,0,1,"Thompson House, a division of Northern Dutchess Residential Health Care, part of Nuvance Health","6511 Spring Brook Ave, Rhinebeck, NY 12572, United States",Dutchess,41.9356251,-73.9127226,ChIJ48zl6z8M3YkR354YR64DkjY,1
THE GRAND REHABILITATION AND NURSING AT PAWLING,4,8,12,The Grand Rehabilitation and Nursing at Pawling,"9 Reservoir Rd, Pawling, NY 12564, United States",Dutchess,41.5759586,-73.59141989999999,ChIJl6cagLtb3YkRRGeFZ9L76V4,1
THE PINES AT POUGHKEEPSIE CENTER FOR NURSING &,4,0,4,The Pines at Poughkeepsie Center for Nursing and Rehabilitation,"100 Franklin St, Poughkeepsie, NY 12601, United States",Dutchess,41.695305,-73.929709,ChIJeTx503s-3YkRgG0D-beFjxE,1
WINGATE AT BEACON,16,0,16,Wingate at Beacon,"10 Hastings Dr, Beacon, NY 12508, United States",Dutchess,41.5097427,-73.9556198,ChIJXzvBYUIx3YkRD7CWbjBvhYw,1
ABSOLUT CENTER FOR NURSING AND REHABILITATION AT,29,0,29,Absolut Care of Endicott,"301 Nantucket Dr, Endicott, NY 13760, United States",Erie,42.1138029,-76.0576993,ChIJpa29R-ns2okRg4oguG407iI,1
BEECHWOOD HOMES,6,0,6,Beechwood Homes,"200 Robbins Ln D1, Jericho, NY 11753, United States",Erie,40.79481579999999,-73.5176659,ChIJPS9ENHeBwokRcMAIYyH4yrY,1
BUFFALO CENTER FOR REHABILITATION AND NURSING,13,0,13,Buffalo Center for Rehabilitation and Nursing,"1014 Delaware Ave, Buffalo, NY 14209, United States",Erie,42.9116687,-78.8714505,ChIJZ9UGJfAS04kRZQdd9NQsPXk,1
BUFFALO COMMUNITY HEALTHCARE CENTER,2,0,2,Buffalo Community Healthcare Center,"1205 Delaware Ave, Buffalo, NY 14209, United States",Erie,42.9169007,-78.8685538,ChIJ1SsHPekS04kRjoplVHBEIwQ,1
ELDERWOOD AT AMHERST,3,0,3,Elderwood at Amherst,"4459 Bailey Ave, Amherst, NY 14226, United States",Erie,42.9764997,-78.8133454,ChIJF9xaUV5y04kRf5dfl81uf20,1
ELDERWOOD AT LANCASTER,1,0,1,Elderwood at Lancaster,"1818 Como Park Blvd, Lancaster, NY 14086, United States",Erie,42.8939896,-78.6845024,ChIJJVOGHvIK04kRCAor21mO94s,1
ELLICOTT CENTER FOR REHABILITATION AND NURSING,5,0,5,Ellicott Center for Rehabilitation and Nursing,"200 7th St, Buffalo, NY 14201, United States",Erie,42.8914531,-78.8851195,ChIJtQ5QIbMT04kR9KVG9ymkvvM,1
FATHER BAKER MANOR,54,0,54,Father Baker Manor,"6400 Powers Rd, Orchard Park, NY 14127, United States",Erie,42.7343339,-78.7526285,ChIJFz9OoSsE04kR-2kkj4jQoUA,1
FIDDLERS GREEN MANOR REHABILITATION AND NURSING CENTER,7,0,7,Fiddler's Green Manor Home,"168 W Main St, Springville, NY 14141, United States",Erie,42.5084269,-78.6736264,ChIJpwK2iZH40okRkSjoxRZc9FU,1
FOX RUN AT ORCHARD PARK,3,0,3,Fox Run at Orchard Park,"One Fox Run Ln, Orchard Park, NY 14127, United States",Erie,42.7630597,-78.7738628,ChIJKR3WfpMF04kRwbivV1kbeR4,1
GARDEN GATE HEALTH CARE FACILITY,20,0,20,Garden Gate Health Care Facility,"2365 Union Rd, Cheektowaga, NY 14227, United States",Erie,42.8762029,-78.75190599999999,ChIJB9KNH3QM04kRCAnDxi5uMtw,1
"HARRIS HILL NURSING FACILITY, LLC",23,2,25,Harris Hill Nursing Facility,"2699 Wehrle Dr, Williamsville, NY 14221, United States",Erie,42.9552517,-78.68846669999999,ChIJn1t8if1004kR4Jv8-I4lWKI,1
HUMBOLDT HOUSE REHABILITATION AND NURSING CENTER,6,0,6,Humboldt House,"64 Hager St, Buffalo, NY 14208, United States",Erie,42.921086,-78.848431,ChIJE72_w6IS04kRYZkxDBq5iK8,1
MCAULEY RESIDENCE,1,0,1,McAuley Residence,"1503 Military Rd, Buffalo, NY 14217, United States",Erie,42.9777657,-78.8842179,ChIJ7y8wUv5s04kRXJnRWSusKzI,1
ROSA COPLON JEWISH HOME AND INFIRMARY,9,0,9,Rosa Coplon Living Center,"2700 N Forest Rd, Getzville, NY 14068, United States",Erie,43.0150462,-78.78799579999999,ChIJ0bROJXlx04kRhda1e_powws,1
"SAFIRE REHABILITATION OF NORTHTOWNS, LLC",3,5,8,"","",Erie,"","","",0
SENECA HEALTH CARE CENTER,14,0,14,Teamcare (a program of CenterLight Healthcare),"11-40 Seneca Ave, Ridgewood, NY 11385, United States",Erie,40.6966176,-73.8979071,ChIJp7YLAy9cwokRylV-HAeUkTw,2
ST CATHERINE LABOURE HEALTH CARE CENTER,2,0,2,St. Catherine Labour√© Health Care Center,"2157 Main St, Buffalo, NY 14214, United States",Erie,42.9284109,-78.848085,ChIJ4wWBXaUS04kRb8LSW5zzGuY,1
FULTON CENTER FOR REHABILITATION AND HEALTHCARE,6,0,6,Fulton Center for Rehabilitation and Nursing,"847 County Hwy 122, Gloversville, NY 12078, United States",Fulton,43.0729713,-74.3692615,ChIJVz8xgkjy3okRXXrGQm-AerI,1
THE PINES AT CATSKILL CENTER FOR NURSING & REHABILITATION,4,1,5,The Pines at Catskill Center for Nursing and Rehabilitation,"154 Jefferson Heights, Catskill, NY 12414, United States",Greene,42.2329208,-73.8766969,ChIJd28uorq93YkRrgVjSj3QhdU,1
ATRIUM CENTER FOR REHABILITATION AND NURSING,2,8,10,Atrium Center for Rehabilitation & Nursing,"611 E 103rd St, Brooklyn, NY 11236, United States",Kings,40.6495098,-73.8987547,ChIJcQvd3-VcwokRETtYOKa-V90,1
BEDFORD CENTER FOR NURSING AND REHABILITATION,7,8,15,Bedford Center for Nursing and Rehabilitation,"40 Heyward St, Brooklyn, NY 11249, United States",Kings,40.7002453,-73.9578361,ChIJrcb1RuhbwokRUJH_q1yuYN8,1
BENSONHURST CENTER FOR REHABILITATION AND HEALTHCARE,8,27,35,Bensonhurst Center for Rehabilitation & Healthcare,"1740 84th St, Brooklyn, NY 11214, United States",Kings,40.6091275,-74.0025349,ChIJCdX7jg1FwokRwJi3Bd3ZH8c,1
BORO PARK CENTER FOR REHABILITATION AND HEALTHCARE,9,21,30,Boro Park Center for Rehabilitation and Nursing,"4915 10th Ave, Brooklyn, NY 11219, United States",Kings,40.6387933,-73.9986526,ChIJM8z-MjNFwokRS8BC12hfzS8,1
BROOKLYN CENTER FOR REHABILITATION AND RESIDENTIAL,4,11,15,Brooklyn Center for Rehabilitation and Nursing,"1455 Coney Island Ave, Brooklyn, NY 11230, United States",Kings,40.6219116,-73.964405,ChIJ24NPYcZEwokRq8cuPgMlwHU,1
BROOKLYN GARDENS NURSING & REHABILITATION CENTER,1,7,8,Brooklyn Gardens Nursing and Rehabilitation Center,"835 Herkimer St, Brooklyn, NY 11233, United States",Kings,40.6788455,-73.9256401,ChIJhc8lFXBcwokRMpbp3aqcAug,1
BROOKLYN UNITED METHODIST CHURCH HOME,2,10,12,Brooklyn United Methodist Church Home,"1485 Dumont Ave, Brooklyn, NY 11208, United States",Kings,40.671445,-73.862473,ChIJhyqqVpZdwokRbyVneCyREIY,1
BROOKLYN-QUEENS NURSING HOME,3,5,8,Brooklyn Queens Nursing Home,"2749 Linden Blvd, Brooklyn, NY 11208, United States",Kings,40.6702957,-73.86196129999999,ChIJg7EKnJddwokRxiVOfy9FJjA,1
BUENA VIDA CONTINUING CARE & REHAB CENTER,0,4,4,Buena Vida Continuing Care,"48 Cedar St, Brooklyn, NY 11221, United States",Kings,40.696876,-73.9276671,ChIJtyZ8cQ9cwokRHpX2uMX7ZQ4,1
BUSHWICK CENTER FOR REHABILITATION AND HEALTH CARE,6,4,10,Centers Adult Day Care at Bushwick,"50 Sheffield Ave, Brooklyn, NY 11207, United States",Kings,40.6763461,-73.8984042,ChIJO-13B09cwokRspdb--rsIXc,1
"CATON PARK REHABILITATION AND NURSING CENTER, LLC",2,2,4,Caton Park Nursing Home,"1312 Caton Ave, Brooklyn, NY 11226, United States",Kings,40.649516,-73.96730099999999,ChIJF-GhcTxbwokR5VizNM344PM,1
"COBBLE HILL HEALTH CENTER, INC",5,50,55,Cobble Hill Health Center,"380 Henry St, Brooklyn, NY 11201, United States",Kings,40.6884247,-73.9975801,ChIJFZ34KEVawokRKnxwl1ZjV-M,1
CONCORD NURSING AND REHABILITATION CENTER,4,0,4,Concord Nursing Home,"300 Madison St, Brooklyn, NY 11216, United States",Kings,40.6850876,-73.94646089999999,ChIJR2OfDY5bwokRUFSv8fnxMhM,1
CROWN HEIGHTS CENTER FOR NURSING AND REHABILITATION,1,6,7,Crown Heights Center for Nursing and Rehabilitation,"810 St Marks Ave, Brooklyn, NY 11213, United States",Kings,40.6748697,-73.9461141,ChIJ7wI5b4NbwokRHM9gsty2S7U,1
DITMAS PARK CARE CENTER,4,9,13,Ditmas Park Rehab/Care Center,"2107 Ditmas Ave, Brooklyn, NY 11226, United States",Kings,40.6401748,-73.9575703,ChIJIbyyTEhbwokRfsflc_ILnwU,1
DOWNTOWN BROOKLYN NURSING & REHABILITATION CENTER,8,5,13,Downtown Brooklyn Nursing and Rehabilitation Center,"727 Classon Ave, Brooklyn, NY 11238, United States",Kings,40.6751491,-73.9597508,ChIJwbfrf59bwokR5zsY5uJw63w,1
DR SUSAN SMITH MCKINNEY NURSING AND REHABILITATION,4,18,22,Susan Smith McKinney Rehabilitation Center and Nurisng Home,"594 Albany Ave, Brooklyn, NY 11203, United States",Kings,40.6597394,-73.9401379,ChIJKRaihmBbwokRkMSxwRt0ssI,1
FOUR SEASONS NURSING AND REHABILITATION CENTER,3,1,4,Four Seasons Nursing & Rehabilitation Center,"1555 Rockaway Pkwy, Brooklyn, NY 11236, United States",Kings,40.6428583,-73.89921079999999,ChIJQa7NFd1cwokRVCgAinsik7M,1
HAMILTON PARK NURSING AND REHABILITATION CENTER,1,12,13,Hamilton Park Nursing and Rehabilitation Center,"691 92nd St, Brooklyn, NY 11228, United States",Kings,40.615404,-74.0230868,ChIJeT29fWRFwokRllFAhBXh6PI,1
HAYM SOLOMON HOME FOR THE AGED,6,43,49,Haym Salomon Home for Nursing & Rehabilitation,"2340 Cropsey Ave, Brooklyn, NY 11214, United States",Kings,40.5949023,-73.9964945,ChIJq5W5a6ZFwokRXZ-uooq4uIk,1
HOPKINS CENTER FOR REHABILITATION AND HEALTHCARE,4,15,19,Hopkins Center for Rehabilitation & Healthcare,"155 Dean St, Brooklyn, NY 11217, United States",Kings,40.68660089999999,-73.9876578,ChIJqZlHik1awokRdV0KFgkyzuE,1
KING DAVID CENTER FOR NURSING AND REHABILITATION,8,2,10,King David Center for Nursing and Rehabilitation,"2266 Cropsey Ave, Brooklyn, NY 11214, United States",Kings,40.5957728,-73.99723139999999,ChIJA0wgwYrzZUARiSRBKTGCimA,1
LINDEN CENTER FOR NURSING AND REHABILITATION,4,19,23,Linden Center for Nursing and Rehabilitation,"2237 Linden Blvd, Brooklyn, NY 11207, United States",Kings,40.6631965,-73.8806943,ChIJZ2d7paldwokRV-fAKRVHnWU,1
MENORAH HOME & HOSPITAL FOR AGED & INFIRM,11,47,58,Menorah Center for Rehabilitation and Nursing Care,"1516 Oriental Blvd, Brooklyn, NY 11235, United States",Kings,40.5758543,-73.93813949999999,ChIJZTrIcXZEwokRwqEBG78G2Kc,1
"NEW CARLTON REHAB AND NURSING CENTER, LLC",1,0,1,New Carlton Rehabilitation & Nursing Center,"405 Carlton Ave, Brooklyn, NY 11238, United States",Kings,40.6854947,-73.9710953,ChIJ3TXin7pbwokRct1tJWp1pMQ,1
NORWEGIAN CHRISTIAN HOME AND HEALTH CENTER,1,5,6,Norwegian Christian Home & Health Center,"1250 67th St, Brooklyn, NY 11219, United States",Kings,40.6252307,-74.0038446,ChIJp_HG2DhFwokRrUmT_32jgmo,1
"NY CONGREGATIONAL NURSING CENTER, INC",4,32,36,New York Congregational Nursing and Rehabilitation Center,"135 Linden Blvd, Brooklyn, NY 11226, United States",Kings,40.6531824,-73.9543051,ChIJUaKUGWpbwokRPtCNqSbC-Vk,1
OXFORD NURSING HOME,5,5,10,Oxford Nursing Home,"144 S Oxford St, Brooklyn, NY 11217, United States",Kings,40.684974,-73.9733077,ChIJvQqpJbBbwokRVy5fVNqTXcU,1
PALM GARDENS CENTER FOR NURSING AND REHABILITATION,3,1,4,Palm Gardens Center for Nursing & Rehabilitation,"615 Avenue C, Brooklyn, NY 11218, United States",Kings,40.6412042,-73.9726271,ChIJm49CPy5bwokRZsp5pgCx-nI,1
"RUTLAND NURSING HOME, INC.",16,33,49,Rutland Nursing Home,"585 Schenectady Ave, Brooklyn, NY 11203, United States",Kings,40.6593277,-73.9337519,ChIJLb21zoJcwokRAmnofnIepXQ,1
SAINTS JOACHIM & ANNE NURSING AND REHABILITATION CENTER,0,27,27,Saints Joachim & Anne Nursing & Rehabilitation Center,"Surf Ave, Brooklyn, NY 11224, United States",Kings,40.5726647,-73.9933011,ChIJkXObNs9FwokRei1cnG59pks,1
SCHULMAN AND SCHACHNE INSTITUTE FOR NURSING AND,26,18,44,Schulman & Schachne Institute for Nursing and Rehabilitation,"555 Rockaway Pkwy, Brooklyn, NY 11212, United States",Kings,40.6555033,-73.9135897,ChIJ7wdcu5JcwokREBYRfPG-m2M,2
SEA CREST NURSING AND REHABILITATION CENTER,9,7,16,Sea Crest Nursing and Rehabilitation Center,"3035 W 24th St, Brooklyn, NY 11224, United States",Kings,40.5723068,-73.989841,ChIJIaIyys5FwokRo1loW2aVTJc,1
SEAGATE REHABILITATION AND NURSING CENTER,3,22,25,Seagate Rehabilitation and Nursing Center,"3015 W 29th St, Brooklyn, NY 11224, United States",Kings,40.5724047,-73.9942277,ChIJ94C99cVFwokRVkh1Y3Q-M9M,1
SHEEPSHEAD NURSING & REHABILITATION CENTER,6,4,10,Sheepshead Nursing and Rehabilitation Center,"2840 Knapp St, Brooklyn, NY 11235, United States",Kings,40.585311,-73.9317719,ChIJMQu7OYFDwokRB0JYYi8ZXOQ,1
SHORE VIEW NURSING & REHABILITATION CENTER,22,2,24,Shore View Nursing Home,"2865 Brighton 3rd St, Brooklyn, NY 11235, United States",Kings,40.5814167,-73.96549999999999,ChIJ_eqleUREwokR_e7KNqapaQc,1
SPRING CREEK REHABILITATION & NURSING CARE CENTER,2,11,13,Spring Creek Rehabilitation and Nursing Care Center,"660 Louisiana Ave, Brooklyn, NY 11239, United States",Kings,40.64603899999999,-73.885008,ChIJGeAGjh5dwokROFr575qmd6A,1
THE CHATEAU AT BROOKLYN REHABILITATION AND NURSING,3,4,7,The Chateau at Brooklyn Rehabilitation & Nursing Center,"3457 Nostrand Ave, Brooklyn, NY 11229, United States",Kings,40.5996822,-73.94108729999999,ChIJm1goQ4NEwokRNGkF6FxGLss,1
THE HERITAGE REHABILITATION AND HEALTH CARE CENTER,0,1,1,The Heritage Rehabilitation & Health Care Center,"5606 15th Ave, Brooklyn, NY 11219, United States",Kings,40.6284056,-73.9922313,ChIJq6q6hC9FwokRQGHo5nZdKAU,1
THE PHOENIX REHABILITATION AND NURSING CENTER,23,37,60,The Phoenix Rehabilitation & Nursing Center,"140 St Edwards St, Brooklyn, NY 11201, United States",Kings,40.6925532,-73.9779065,ChIJsSRdLbRbwokRoVNdECbu_rQ,1
"AVON NURSING HOME, LLC",3,0,3,Avon Nursing Facility,"215 Clinton St, Avon, NY 14414, United States",Livingston,42.9067768,-77.73743019999999,ChIJuaKkwq5E0YkRrcL436T-sQg,1
AARON MANOR REHABILITATION AND NURSING CENTER,3,0,3,Aaron Manor,"100 St Camillus Way, Fairport, NY 14450, United States",Monroe,43.1272133,-77.4464019,ChIJu6lJX-3M1okRZIgRb6OmtQs,1
BRIGHTON MANOR,2,1,3,Brighton Manor,"989 Blossom Rd, Rochester, NY 14610, United States",Monroe,43.14884319999999,-77.5449302,ChIJS-6FH2LK1okR5gHFe4AYdfI,1
CREEKVIEW NURSING AND REHAB CENTER,3,0,3,Creekview Nursing and Rehabilitation,"525 Beahan Rd, Rochester, NY 14624, United States",Monroe,43.128586,-77.68942899999999,ChIJm5hIly2z1okREGPVLMLRN3M,1
EDNA TINA WILSON LIVING CENTER,5,0,5,Edna Tina Wilson Living Center,"700 Island Cottage Rd, Rochester, NY 14612, United States",Monroe,43.2660637,-77.6621244,ChIJB9JR1a-w1okRIYOoiH8CfyU,1
HILL HAVEN NURSING HOME,2,0,2,Hill Haven,"1550 Empire Blvd, Webster, NY 14580, United States",Monroe,43.1796185,-77.508074,ChIJ9cqJQNbL1okR4awwExaUm84,1
KIRKHAVEN,16,4,20,Kirkhaven Transitional Care,"254 Alexander St, Rochester, NY 14607, United States",Monroe,43.151501,-77.59471309999999,ChIJqaQSaAi11okRUeAk9RGx0MY,1
ST ANNS COMMUNITY,4,0,4,St Ann's Community Day Care Center,"110 16th Ave, Newark, NJ 07103, United States",Monroe,40.7349114,-74.1995113,ChIJWcdSXUNTwokRW-5GUprb7yg,1
ST JOHNS HEALTH CARE CORPORATION,17,0,17,Genesis Health Care Corporation,"132 Evergreen Rd, Edison, NJ 08837, United States",Monroe,40.55477459999999,-74.3306838,ChIJ44hiXWm2w4kR0Eq9yezOxgM,1
"THE BRIGHTONIAN, INC",9,0,9,The Brightonian,"1919 Elmwood Ave, Rochester, NY 14620, United States",Monroe,43.1250206,-77.58631729999999,ChIJTwbPQTi11okRMKHUaX-PpoU,1
THE BROOK AT HIGH FALLS NURSING HOME AND REHABILITATION,2,0,2,Brook at High Falls,"2150 St Paul St, Rochester, NY 14621, United States",Monroe,43.1955242,-77.61704639999999,ChIJb8b38IK21okRG0AjcwpGbxA,1
THE FRIENDLY HOME,3,0,3,Friendly Senior Living,"3156 East Ave, Rochester, NY 14618, United States",Monroe,43.1273231,-77.5256157,ChIJSe2sR93K1okRsaOk5dws0bE,1
THE HURLBUT,7,6,13,The Hurlbut,"1177 E Henrietta Rd, Rochester, NY 14623, United States",Monroe,43.0970998,-77.61439419999999,ChIJ54EHuhhL0YkRpYulsf3y9Eo,1
"THE SHORE WINDS, LLC",4,0,4,The Shore Winds Nursing Home,"425 Beach Ave, Rochester, NY 14612, United States",Monroe,43.2611436,-77.61554819999999,ChIJty3NOXq31okRgVG0bpBIWQE,1
UNITY LIVING CENTER,1,0,1,Unity Living Center,"89 Genesee St, Rochester, NY 14611, United States",Monroe,43.1484359,-77.637175,ChIJwb5JHY601okRyopslBlc-mI,1
ST JOHNSVILLE REHABILITATION AND NURSING CENTER,0,1,1,St Johnsville Nursing Center Inc,"7 Timmerman Ave, St Johnsville, NY 13452, United States",Montgomery,42.9995825,-74.6882147,ChIJAdPltEy53okROKFrbpO2mb0,1
A HOLLY PATTERSON EXTENDED CARE FACILITY,10,3,13,A Holly Patterson Extened Care Facility,"875 Jerusalem Ave, Uniondale, NY 11553, United States",Nassau,40.7003822,-73.5830764,ChIJvUT3BQV9wokR11vaJZRqLbs,1
BEACH TERRACE CARE CENTER,2,0,2,Beach Terrace Care Center,"640 W Broadway, Long Beach, NY 11561, United States",Nassau,40.5841897,-73.6826777,ChIJmWcU441vwokRhne3R0C8HW4,1
BELAIR CARE CENTER INC,5,0,5,Belair Nursing and Rehabilitation Center,"2478 Jerusalem Ave, North Bellmore, NY 11710, United States",Nassau,40.6906297,-73.5400772,ChIJyfDXCop-wokRnsETMqjDrgo,1
CENTRAL ISLAND HEALTHCARE,4,21,25,Central Island Healthcare,"825 Old Country Rd, Plainview, NY 11803, United States",Nassau,40.7737427,-73.47985419999999,ChIJQxieVcSBwokRw8ex8akJ174,1
COLD SPRING HILLS CENTER FOR NURSING AND REHABILITATION,13,12,25,Cold Spring Hills Center for Nursing & Rehabilitation,"378 Syosset-Woodbury Rd, Woodbury, NY 11797, United States",Nassau,40.8234162,-73.4717438,ChIJO_i_-naCwokRgW704K18byw,1
DALEVIEW CARE CENTER,1,3,4,Daleview Care Center,"574 Fulton St, Farmingdale, NY 11735, United States",Nassau,40.7286183,-73.44922369999999,ChIJbaZlGroq6IkROfZLkQvxYVg,1
EMERGE NURSING AND REHABILITATION AT GLEN COVE,7,1,8,Emerge Nursing and Rehabilitation At Glen Cove,"2 Medical Plaza, Glen Cove, NY 11542, United States",Nassau,40.874075,-73.621817,ChIJP4DkGhGFwokRXksyTT9K1us,1
"EXCEL AT WOODBURY FOR REHABILITATION AND NURSING, LLC",22,5,27,Excel at Woodbury for Rehabilitation and Nursing,"8533 Jericho Turnpike, Woodbury, NY 11797, United States",Nassau,40.8190957,-73.4577008,ChIJ5xVduN0p6IkRC0mjZyZR_A8,1
FULTON COMMONS CARE CENTER INC,5,35,40,"Fulton Commons Care Center, Inc.","60 Merrick Ave, East Meadow, NY 11554, United States",Nassau,40.7208896,-73.57800879999999,ChIJH4SJ7Ot9wokRKtfJ4wFzA0s,1
GARDEN CARE CENTER,15,0,15,Gardens Care & Rehabilitation Center (Windsor Gardens),"140 Park Ave, East Orange, NJ 07017, United States",Nassau,40.7640829,-74.1987825,ChIJoTZkFr9UwokRpWzBSN8U6dE,1
GLEN COVE CENTER FOR NURSING AND REHABILITATION,10,1,11,Glen Cove Center for Nursing & Rehabilitation,"6 Medical Plaza, Glen Cove, NY 11542, United States",Nassau,40.8745127,-73.6221253,ChIJIZTEGhGFwokRldOh8lwlRf0,1
GLENGARIFF REHABILITATION AND HEALTHCARE CENTER,2,19,21,Glengariff Rehabilitation and Healthcare Center,"141 Dosoris Ln, Glen Cove, NY 11542, United States",Nassau,40.8826743,-73.6362891,ChIJEx8Ds2qFwokRSGdOL7C8YXY,1
GRANDELL REHABILITATION AND NURSING CENTER,3,5,8,Grandell Rehabilitation and Nursing Center,"645 W Broadway, Long Beach, NY 11561, United States",Nassau,40.584784,-73.682609,ChIJqbXr3Y1vwokR2j389dhV9II,1
HEMPSTEAD PARK NURSING HOME,2,10,12,Hempstead Park Nursing Home,"800 Front St, Hempstead, NY 11550, United States",Nassau,40.70887159999999,-73.6026086,ChIJQ_ke8qh9wokRY1pmJ0iKQcw,1
HIGHFIELD GARDENS CARE CENTER OF GREAT NECK,21,0,21,Highfield Gardens Care Center,"199 Community Dr E, Great Neck, NY 11021, United States",Nassau,40.7818493,-73.7044595,ChIJMTguS7KJwokR4KNkpnUb5k8,1
LONG BEACH NURSING AND REHABILITATION CENTER,12,1,13,Long Beach Nursing and Rehabilitation Center,"375 E Bay Dr, Long Beach, NY 11561, United States",Nassau,40.5943658,-73.6534993,ChIJrzWDUVNlwokRrh6pKAEy3DM,1
LYNBROOK RESTORATIVE THERAPY AND NURSING,8,0,8,Lynbrook Restorative Therapy and Nursing,"243 Atlantic Ave, Lynbrook, NY 11563, United States",Nassau,40.6498729,-73.6677427,ChIJ6fNkmsdkwokR1UvqBpzOY40,1
MAYFAIR CARE CENTER,2,2,4,Mayfair Care Center Inc,"100 Baldwin Rd, Hempstead, NY 11550, United States",Nassau,40.698184,-73.6163613,ChIJz6pNl_x8wokRMMsDZaQU3Nw,1
"MEADOWBROOK CARE CENTER, INC",14,16,30,Meadowbrook Care Center,"320 W Merrick Rd, Freeport, NY 11520, United States",Nassau,40.65253999999999,-73.59447,ChIJzwiVfo97wokRLbjyNQ7Anuc,1
NASSAU REHABILITATION & NURSING CENTER,0,32,32,Nassau Rehabilitation & Nursing Center,"1 Greenwich St, Hempstead, NY 11550, United States",Nassau,40.704355,-73.621713,ChIJo8jimB19wokRx4-t3jQuApU,2
NORTH SHORE-LIJ ORZAC CENTER FOR REHABILITATION,1,0,1,Orzac Center for Rehabilitation,"900 Franklin Ave, Valley Stream, NY 11580, United States",Nassau,40.681267,-73.6865468,ChIJVYEPBmVjwokRZIr3Lx2kF4M,1
NORTHWELL HEALTH STERN FAMILY CENTER FOR,3,0,3,Northwell Health Stern Family Center for Rehabilitation,"330 Community Dr, Manhasset, NY 11030, United States",Nassau,40.7727415,-73.7003982,ChIJuYvpTTWIwokRjA1ytDGRTDE,1
OCEANSIDE CARE CENTER INC,7,0,7,Oceanside Care Center,"2914 Lincoln Ave, Oceanside, NY 11572, United States",Nassau,40.640271,-73.6424755,ChIJVXqgmzB7wokRX2h5-KVzwbo,1
PARK AVENUE EXTENDED CARE FACILITY,3,11,14,Park Avenue Extended Care,"425 National Blvd, Long Beach, NY 11561, United States",Nassau,40.5897345,-73.6672794,ChIJqz4Yv_dvwokRka6bvLpyI8A,1
"PARKVIEW CARE AND REHABILITATION CENTER, INC.",1,11,12,Parkview Care & Rehab Center,"5353 Merrick Rd, Massapequa, NY 11758, United States",Nassau,40.668132,-73.43902299999999,ChIJYVfx46LV6YkRdW9cx57lrgQ,1
"ROCKVILLE SKILLED NURSING & REHABILITATION CENTER, LLC",0,1,1,Rockville Skilled Nursing and Rehabilitation Center,"50 Maine Ave, Rockville Centre, NY 11570, United States",Nassau,40.6637314,-73.65074,ChIJvYMxiFR7wokR_XaMtpunork,1
SANDS POINT CENTER FOR HEALTH AND REHABILITATION,10,2,12,Sands Point Center for Health & Rehabilitation,"1440 Port Washington Blvd, Port Washington, NY 11050, United States",Nassau,40.8437276,-73.690516,ChIJVdKPHyWPwokRg6rk5r19CZU,1
SOUTH SHORE REHABILITATION AND NURSING CENTER,3,3,6,South Shore Rehabilitation and Nursing Center,"275 W Merrick Rd, Freeport, NY 11520, United States",Nassau,40.6519017,-73.5919397,ChIJZ72SUYd7wokRDINzyCppPBY,1
SUNHARBOR MANOR,26,10,36,Sunharbor Manor,"255 Warner Ave, Roslyn Heights, NY 11577, United States",Nassau,40.792551,-73.645743,ChIJe1l8ky6GwokREqKEf5SnUY4,1
THE AMSTERDAM AT HARBORSIDE,2,0,2,The Amsterdam at Harborside,"300 E Overlook, Port Washington, NY 11050, United States",Nassau,40.827343,-73.66449899999999,ChIJ-wChqrKIwokRFkv93kc-VIg,1
THE FIVE TOWNS PREMIER REHABILITATION & NURSING CENTER,6,2,8,The Five Towns Premier Nursing Home and Rehabilitation Center,"1050 Central Ave, Woodmere, NY 11598, United States",Nassau,40.6323204,-73.7085647,ChIJB7BQF6xlwokRZ2IJp_OhXEM,1
THE GRAND PAVILION FOR REHAB & NURSING AT ROCKVILLE,5,13,18,The Grand Pavilion For Rehabilitation And Nursing At Rockville Centre,"41 Maine Ave, Rockville Centre, NY 11570, United States",Nassau,40.6643557,-73.6506777,ChIJvYnri1R7wokR_h_oS1XqClw,1
THE GRAND REHABILITATION AND NURSING AT GREAT NECK,18,9,27,The Grand Rehabilitation and Nursing at Great Neck,"15 St Pauls Pl, Great Neck, NY 11021, United States",Nassau,40.788836,-73.7221528,ChIJHdnJ9aKJwokR4JKhvdtLEP0,1
THE GRAND REHABILITATION AND NURSING AT SOUTH POINT,1,0,1,The Grand Rehabilitation and Nursing at South Point,"1 Long Beach Rd, Island Park, NY 11558, United States",Nassau,40.5981432,-73.656831,ChIJObW2YVJlwokRV-6JZYi48EU,1
TOWNHOUSE CENTER FOR REHABILITATION & NURSING,8,8,16,Townhouse Center for Rehabilitation & Nursing,"755 Hempstead Turnpike, Uniondale, NY 11553, United States",Nassau,40.7135356,-73.6066773,ChIJETip1Ql9wokRLgbNvijSRIc,1
WHITE OAKS REHABILITATION AND NURSING CENTER,30,0,30,White Oaks Rehabilitation and Nursing Center,"8565 Jericho Turnpike, Woodbury, NY 11797, United States",Nassau,40.8206107,-73.4575223,ChIJs59OW9wp6IkRbAR9zPoLkgg,1
AMSTERDAM NURSING HOME CORP (1992),11,45,56,Amsterdam Nursing Home,"1060 Amsterdam Ave, New York, NY 10025, United States",New York,40.804668,-73.96331289999999,ChIJq82vWjz2wokRlhQFG0D_Rdk,1
COLER REHABILITATION AND NURSING CARE CENTER,11,1,12,NYC Health + Hospitals/Coler,"900 Main St, New York, NY 10044, United States",New York,40.770242,-73.9422433,ChIJmZCWEbZYwokRCtfEq3MP_Kg,1
FORT TRYON CENTER FOR REHABILITATION AND NURSING,13,4,17,Fort Tryon Center for Rehabilitation and Nursing,"801 W 190th St, New York, NY 10040, United States",New York,40.857086,-73.93457699999999,ChIJHxLzyQL0wokRSPZk026_TpY,1
HARLEM CENTER FOR NURSING AND REHABILITATION,3,28,31,Harlem Center for Nursing and Rehabilitation,"30 W 138th St, New York, NY 10037, United States",New York,40.8151133,-73.9375136,ChIJg6mANXb2wokRgx_YKoaOZAM,1
ISABELLA GERIATRIC CENTER INC,23,44,67,Isabella Geriatric Center,"4026 Broadway, New York, NY 10032, United States",New York,40.8418097,-73.93899210000001,ChIJQ5w7M5z2wokREtEUXxDx0mU,1
MARY MANNING WALSH NURSING HOME CO INC,34,4,38,Mary Manning Walsh Home,"1339 York Ave, New York, NY 10021, United States",New York,40.7668853,-73.9542697,ChIJr8LZT8FYwokR7adG_TRvWUQ,2
NEW EAST SIDE NURSING HOME,2,1,3,New East Side Nursing Home,"25 Willett St, New York, NY 10002, United States",New York,40.7160803,-73.9828814,ChIJV5kb-H9ZwokRUxlFYOPAF0Q,1
NEW GOUVERNEUR HOSPITAL SNF,19,3,22,"NYC Health + Hospitals/Gotham Health, Gouverneur","227 Madison St, Manhattan, NY 10002, United States",New York,40.7129754,-73.987701,ChIJFb1OxitawokR2Wfi0loJ9ew,1
NORTHERN MANHATTAN REHABILITATION AND NURSING CENTER,11,12,23,Northern Manhattan Nursing,"116 E 125th St, New York, NY 10035, United States",New York,40.8045785,-73.9382868,ChIJm6ohRgr2wokRgZKQluWjva8,1
TERENCE CARDINAL COOKE HEALTH CARE CENTER,25,8,33,ArchCare at Terence Cardinal Cooke Health Care Center,"1249 5th Ave, New York, NY 10029, United States",New York,40.7936744,-73.9505386,ChIJQxjtfBz2wokRhwyV-7gR7Nc,1
"THE NEW JEWISH HOME, MANHATTAN",45,6,51,"The New Jewish Home, Manhattan Campus","120 W 106th St, New York, NY 10025, United States",New York,40.799485,-73.964047,ChIJY2yHCyP2wokRPnKb87zaENM,1
THE RIVERSIDE,42,17,59,The Riverside Premier Rehabilitation and Healing Center,"150 Riverside Dr, New York, NY 10024, United States",New York,40.790651,-73.97937139999999,ChIJGQtYF4FYwokRXMBWc_r5gF8,1
UPPER EAST SIDE REHABILITATION AND NURSING CENTER,6,3,9,Upper East Side Rehabilitation and Nursing Center,"211 E 79th St, New York, NY 10075, United States",New York,40.7743555,-73.95641789999999,ChIJUy1U9r5YwokRfWFeF9C_BpQ,1
VILLAGECARE REHABILITATION AND NURSING CENTER,2,0,2,VillageCare Rehabilitation & Nursing Center,"214 W Houston St, New York, NY 10014, United States",New York,40.7287165,-74.0043973,ChIJ151km5JZwokRrExspAj-GWI,1
ELDERWOOD AT LOCKPORT,1,0,1,Elderwood at Lockport,"104 Old Niagara Rd, Lockport, NY 14094, United States",Niagara,43.186221,-78.672775,ChIJbWYXvnZ_04kR2Kyoa-Lgndw,1
NEWFANE REHAB & HEALTH CARE CENTER,17,7,24,Newfane Rehabilitation and Health Center,"2709 Transit Rd, Newfane, NY 14108, United States",Niagara,43.2831796,-78.6962257,ChIJeY34qeaA1IkRrtqE_YeytuI,1
NIAGARA REHABILITATION AND NURSING CENTER,5,0,5,Niagara Rehabilitation-Nursing,"822 Cedar Ave, Niagara Falls, NY 14301, United States",Niagara,43.0975466,-79.0520062,ChIJZRFcXMNC04kRWVtTcH5w2Ks,1
OUR LADY OF PEACE NURSING CARE RESIDENCE,3,0,3,Our Lady of Peace,"5285 Lewiston Rd, Lewiston, NY 14092, United States",Niagara,43.1538937,-79.0361374,ChIJwZTdAJxd04kRutHsUiojSLE,1
SCHOELLKOPF HEALTH CENTER,2,0,2,Niagara Falls Memorial Medical Center - Schoellkopf Health Center,"621 10th St, Niagara Falls, NY 14301, United States",Niagara,43.0940117,-79.04987659999999,ChIJtariYcJC04kRzRCXSV52yvs,1
COLONIAL PARK REHABILITATION AND NURSING CENTER,0,1,1,Colonial Park Rehabilitation & Nursing Center,"950 Floyd Ave, Rome, NY 13440, United States",Oneida,43.217384,-75.43310249999999,ChIJt3vGR3UU2YkRROw36zUD96k,1
PRESBYTERIAN HOME FOR CENTRAL NEW YORK INC,3,0,3,Presbyterian Homes & Services,"4290 Middle Settlement Rd, New Hartford, NY 13413, United States",Oneida,43.0722386,-75.34165170000001,ChIJe90O6P9p2YkRi0NDOTzrIHc,1
"ROME MEMORIAL HOSPITAL, INC - RHCF",7,1,8,Rome Memorial Hospital,"1500 N James St, Rome, NY 13440, United States",Oneida,43.2291895,-75.4427911,ChIJkx08ZfoT2YkRoZtzrjkKHDs,1
THE GRAND REHABILITATION AND NURSING AT ROME,8,7,15,The Grand Rehabilitation and Nursing at Rome,"801 N James St, Rome, NY 13440, United States",Oneida,43.2211952,-75.4509735,ChIJbwHbxuwT2YkRaA5HBrRYB8I,1
BISHOP REHABILITATION AND NURSING CENTER,11,0,11,Bishop Rehabilitation and Nursing,"918 James St, Syracuse, NY 13203, United States",Onondaga,43.0568523,-76.1373534,ChIJLf8bx9fz2YkR2GbajRP7cZo,1
CENTRAL PARK REHABILITATION AND NURSING CENTER,8,4,12,Central Park Rehabilitation and Nursing Center,"116 Martin Luther King E, Syracuse, NY 13205, United States",Onondaga,43.03238229999999,-76.1469966,ChIJl5NA2JHz2YkRBLEUSau-6YI,1
JEWISH HOME OF CENTRAL NEW YORK,1,0,1,Jewish Health & Rehab Center,"4101 E Genesee St, Syracuse, NY 13214, United States",Onondaga,43.0385523,-76.0756779,ChIJeco0_86M2YkR2ntpJgpkTmE,2
LORETTO HEALTH AND REHABILITATION CENTER,2,0,2,Loretto Health & Rehabilitation,"700 E Brighton Ave, Syracuse, NY 13205, United States",Onondaga,43.0053974,-76.136236,ChIJ60JfGGH02YkRXVfmVXCQBjE,1
ST CAMILLUS RESIDENTIAL HEALTH CARE FACILITY,3,0,3,St Camillus Center,"494 Elm St, Stamford, CT 06902, United States",Onondaga,41.0503711,-73.52642399999999,ChIJgTqFN9qhwokRehJvUiwZJlQ,1
"THE COTTAGES AT GARDEN GROVE, A SKILLED NURSING",1,0,1,The Cottages at Garden Grove,"5460 Meltzer Ct, Cicero, NY 13039, United States",Onondaga,43.1917903,-76.1352041,ChIJ0RSYdJ_r2YkRy-4fTbyAkY4,1
VAN DUYN CENTER FOR REHABILITATION AND NURSING,13,1,14,Van Duyn Center for Rehabilitation and Nursing,"5075 W Seneca Turnpike, Syracuse, NY 13215, United States",Onondaga,43.007753,-76.163461,ChIJZYXuURb02YkRl3H7Kfg5PNY,1
ELM MANOR NURSING AND REHABILITATION CENTER,1,,1,Elm Manor Nursing and Rehabilitation Center,"210 N Main St, Canandaigua, NY 14424, United States",Ontario,42.8939017,-77.287251,ChIJGy14wtUl0YkRiORbbnbd7IA,1
ONTARIO CENTER FOR REHABILITATION AND HEALTHCARE,4,0,4,Ontario Center for Rehabilitation and Nursing,"3062 County Complex Dr #9502, Canandaigua, NY 14424, United States",Ontario,42.8852613,-77.2132799,ChIJNYFhKJ8n0YkR1dMcw12G77s,1
CAMPBELL HALL REHABILITATION CENTER INC,5,1,6,Campbell Hall Health Center,"23 Kiernan Rd, Campbell Hall, NY 10916, United States",Orange,41.4543869,-74.28146,ChIJD3W5Fjorw4kR6NyUcNS-nKQ,1
GLEN ARDEN INC,1,1,2,Glen Arden Inc,"214 Harriman Dr, Goshen, NY 10924, United States",Orange,41.3848589,-74.3182775,ChIJWeocsawuw4kRsk6fkQLtW14,1
HIGHLAND REHABILITATION AND NURSING CENTER,8,3,11,Highland Rehabilitation & Nursing Center,"120 Highland Ave, Middletown, NY 10940, United States",Orange,41.45365779999999,-74.4180604,ChIJazIj6Y8yw4kRp2sBHpPo_ik,1
MIDDLETOWN PARK REHABILITATION & HEALTH CARE CENTER,8,0,8,Middletown Park Rehabilitation and Healthcare,"121 Dunning Rd, Middletown, NY 10940, United States",Orange,41.4513884,-74.3832444,ChIJBfiDQG0tw4kRZ-tnkQ_-2Ig,1
MONTGOMERY NURSING AND REHABILITATION CENTER,8,14,22,Montgomery Nursing Home,"2817 Albany Post Rd, Montgomery, NY 12549, United States",Orange,41.5454541,-74.2399594,ChIJpaVEOg3W3IkROJ9XwLe-LO4,1
SAPPHIRE NURSING AND REHAB AT GOSHEN,7,3,10,Sapphire Nursing and Rehabilitation at Goshen,"46 Harriman Dr, Goshen, NY 10924, United States",Orange,41.3863967,-74.32159709999999,ChIJXQKePcovw4kRs5TR9rAafaQ,1
SCHERVIER PAVILION,18,1,19,Schervier Pavilion,"22 Van Duzer Pl, Warwick, NY 10990, United States",Orange,41.2631023,-74.3593854,ChIJzcioiF8kw4kRaN1P4i4Dye4,1
ST. JOSEPHS PLACE,7,3,10,Saint Joseph Catholic Church,"767 Prospect St, Maplewood, NJ 07040, United States",Orange,40.7196174,-74.2704931,ChIJJUQ6clSsw4kR4GeSJnj7rXs,1
THE VALLEY VIEW CENTER FOR NURSING CARE AND,34,0,34,Valley View Center-Nursing Care,"2 Glenmere Cove Rd, Goshen, NY 10924, United States",Orange,41.35645179999999,-74.3661701,ChIJjdWTWKwvw4kR0l3UL60scIc,1
ORCHARD REHABILITATION & NURSING CENTER,1,,1,Orchard Rehabilitation and Nursing Center,"600 Bates Rd, Medina, NY 14103, United States",Orleans,43.2145591,-78.3715873,ChIJYQyGXuh11IkRR4yI3_uEo48,1
THE VILLAGES OF ORLEANS HEALTH AND REHABILITATION,18,0,18,Villages of Orleans,"14012 NY-31, Albion, NY 14411, United States",Orleans,43.2384834,-78.21544639999999,ChIJBzuo0OYL1IkR4yjcFSAd5QM,1
PUTNAM NURSING & REHABILITATION CENTER,13,0,13,Putnam Nursing & Rehabilitation Center,"404 Ludingtonville Rd, Holmes, NY 12531, United States",Putnam,41.4968023,-73.662267,ChIJZ_-lsNNP3YkRvMGz3jJDEng,1
PUTNAM RIDGE,3,0,3,Putnam Ridge,"46 Mount Ebo Road North, Brewster, NY 10509, United States",Putnam,41.4415853,-73.5712746,ChIJGZNPVP1T3YkRhRvz6wAY3HM,1
BEACH GARDENS REHAB AND NURSING CENTER,3,5,8,Beach Gardens Rehab & Nursing Center,"1711 Brookhaven Ave, Far Rockaway, NY 11691, United States",Queens,40.5986482,-73.7512272,ChIJQ4snhKtowokRjzDSuXsoT9U,1
BEACON REHABILITATION AND NURSING CENTER,5,7,12,Beacon Rehabilitation Nursing Center,"140 Beach 113th St, Rockaway Park, NY 11694, United States",Queens,40.5789008,-73.8333802,ChIJWQ_0SyxowokRfTvX82dqDl4,1
BEZALEL REHABILITATION AND NURSING CENTER,8,1,9,Bezalel Rehabilitation & Nursing Center,"29-38 Far Rockaway Blvd, Far Rockaway, NY 11691, United States",Queens,40.5986853,-73.7646553,ChIJC-tQTgtpwokRIK2zvi6EIlw,1
BRIDGE VIEW NURSING HOME,9,12,21,Bridge View Nursing Home,"143-10 20th Ave, Whitestone, NY 11357, United States",Queens,40.7813183,-73.82406139999999,ChIJYw9OVqOKwokRe_3OjfVA3Co,1
BROOKHAVEN REHABILITATION & HEALTH CARE CENTER LLC,1,6,7,Brookhaven Rehabilitation & Health Care Center,"250 Beach 17th St, Far Rockaway, NY 11691, United States",Queens,40.5963926,-73.75082979999999,ChIJQ-adXqxowokRTMJi2zim2nE,1
CARING FAMILY NURSING AND REHABILITATION CENTER,5,13,18,Caring Family Nursing & Rehabilitation Center,"22-41 New Haven Ave, Far Rockaway, NY 11691, United States",Queens,40.60085979999999,-73.75702489999999,ChIJBdNq-6howokRaDOQAq4cbW4,1
CHAPIN HOME FOR THE AGING,1,2,3,Chapin Home for the Aging,"165-01 Chapin Pkwy, Jamaica, NY 11432, United States",Queens,40.7145733,-73.80137739999999,ChIJ9UhcBORgwokRJl1v3_VybqQ,1
CLIFFSIDE REHABILITATION & RESIDENTIAL HEALTH CARE,17,0,17,Cliffside Rehabilitation & Residential Health Care Center,"119-19 Graham Ct, Flushing, NY 11354, United States",Queens,40.77536449999999,-73.8483194,ChIJlWd9Alb1wokRywi59QIHER0,1
CYPRESS GARDEN CENTER FOR NURSING AND REHABILITATION,4,4,8,Cypress Garden Center for Nursing and Rehabilitation,"139-66 35th Ave, Flushing, NY 11354, United States",Queens,40.7653948,-73.8253217,ChIJtdEfxBtgwokRYDc-1fp6xso,1
DRY HARBOR NURSING HOME,13,20,33,Dry Harbor Nursing Home & Rehabilitation Center,"61-35 Dry Harbor Rd, Middle Village, NY 11379, United States",Queens,40.726874,-73.871355,ChIJfR9Q1UVewokRSP9dHaAO04g,1
"ELMHURST CARE CENTER, INC",10,14,24,Elmhurst Care Center,"100-17 23rd Ave, Queens, NY 11369, United States",Queens,40.7689658,-73.87010029999999,ChIJLW6T841fwokRVtTx0xV6Ctc,1
FAIRVIEW NURSING CARE CENTER INC,7,5,12,Fairview Rehab & Nursing Home,"69-70 Grand Central Pkwy, Queens, NY 11375, United States",Queens,40.724664,-73.83824100000001,ChIJ18l7LYNgwokROMa4cKHASMY,1
FAR ROCKAWAY CENTER FOR REHABILITATION AND NURSING,2,0,2,Far Rockaway Center for Rehabilitation and Nursing,"13-11 Virginia St, Far Rockaway, NY 11691, United States",Queens,40.6100174,-73.74560079999999,ChIJP0HiBf1lwokRq_0X_kzEV-c,1
FOREST HILLS CARE CENTER,7,5,12,Forest Hills Care Center,"7144 Yellowstone Blvd, Forest Hills, NY 11375, United States",Queens,40.7216185,-73.85489419999999,ChIJAU-BozxewokR7nAcmGiZt7o,1
FOREST VIEW CENTER FOR REHABILITATION & NURSING,4,1,5,Forest View Center,"71-20 110th St, Forest Hills, NY 11375, United States",Queens,40.72181450000001,-73.8414306,ChIJb9y6j51gwokRfmNtB7XTFog,1
FRANKLIN CENTER FOR REHABILITATION AND NURSING,7,53,60,New Franklin Center for Rehabilitation and Nursing,"142-27 Franklin Ave, Flushing, NY 11355, United States",Queens,40.75705749999999,-73.8228652,ChIJz__knxZgwokRGpmoyW7xsbY,1
"HAVEN MANOR HEALTH CARE CENTER,LLC",4,5,9,Haven Manor Health Care,"1441 Gateway Blvd, Far Rockaway, NY 11691, United States",Queens,40.6007832,-73.7499739,ChIJOcJV4qpowokR7flnmXuJWCo,1
HIGHLAND CARE CENTER,5,24,29,Highland Care Center,"91-31 175th St, Jamaica, NY 11432, United States",Queens,40.7086321,-73.78542949999999,ChIJ15dXQxhhwokR_KPSXBW7xqY,1
HILLSIDE MANOR REHAB & EXTENDED CARE CENTER,26,11,37,Hillside Manor Rehabilitation,"18215 Hillside Avenue, Jamaica, NY 11432, United States",Queens,40.7139847,-73.7800216,ChIJkdz-Yw1hwokRUfZGWZIXYQU,1
HOLLIS PARK MANOR NURSING HOME,1,7,8,Hollis Park Manor,"19106 Hillside Avenue, Hollis, NY 11423, United States",Queens,40.7158771,-73.7705999,ChIJIWfRtXJhwokRwKJaoNw_dF8,1
HOLLISWOOD CENTER FOR REHABILITATION AND HEALTHCARE,18,39,57,Holliswood Center for Rehabilitation and Nursing,"195-44 Woodhull Ave, Hollis, NY 11423, United States",Queens,40.7122222,-73.76392969999999,ChIJG-ecaW5hwokRqSTU9zq5JEk,1
HORIZON CARE CENTER,4,6,10,Horizon Care Center,"6411 Beach Channel Dr, Arverne, NY 11692, United States",Queens,40.5925172,-73.7935787,ChIJQ-wNZ4powokRpZ1Lgx4IdeI,1
JAMAICA HOSPITAL NURSING HOME CO INC,3,0,3,Trump Pavilion,"89-40 135th St, Queens, NY 11418, United States",Queens,40.700102,-73.8165728,ChIJH-YTOMhgwokRD3f-HpslnBk,1
"LAWRENCE NURSING CARE CENTER, INC",4,1,5,Lawrence Nursing Care Center,"350 Beach 54th St, Arverne, NY 11692, United States",Queens,40.5942499,-73.7840494,ChIJr4d4DY5owokR4BQB_WTqKIw,1
LONG ISLAND CARE CENTER INC,18,5,23,Long Island Care Center,"144-61 38th Ave, Flushing, NY 11354, United States",Queens,40.7636045,-73.820362,ChIJITTMWxhgwokRoPIb2lGa7NU,1
MARGARET TIETZ NURSING AND REHABILITATION CENTER,10,1,11,Margaret Tietz Nursing and Rehabilitation Center,"16411 Chapin Pkwy # 1, Jamaica, NY 11432, United States",Queens,40.7142082,-73.8018153,ChIJWaQeHuRgwokRAJ0A2l4EB5U,1
MIDWAY NURSING HOME,2,17,19,Midway Nursing Home,"6995 Queens Midtown Expy, Maspeth, NY 11378, United States",Queens,40.72615,-73.89183059999999,ChIJ_1xEXfRewokRb2YCrGlavN8,1
"NEW GLEN OAKS NURSING HOME, INC",4,6,10,New Glen Oaks Nursing Home,"260-01 79th Ave, Glen Oaks, NY 11004, United States",Queens,40.7468723,-73.7114124,ChIJK38su3piwokRf2ReW4BMXxw,1
NEW YORK CENTER FOR REHABILITATION & NURSING,1,26,27,NewYork Center For Rehabilitation,"26-13 21st St, Astoria, NY 11102, United States",Queens,40.7728458,-73.9251534,ChIJc1fbQk9fwokRM9YUf0KipmM,1
NYS VETERANS HOME IN NYC,11,24,35,"New York State Veterans' Home, St. Albans","17850 Linden Blvd, Jamaica, NY 11434, United States",Queens,40.6885109,-73.7694956,ChIJF5hLQUphwokRKs8b9qz1qfo,1
"OCEANVIEW NURSING & REHABILITATION CENTER, LLC",2,3,5,Oceanview Nursing Home,"315 Beach 9th St, Far Rockaway, NY 11691, United States",Queens,40.5978392,-73.7453494,ChIJHW-thlRvwokRvy3ZGzJ7aWo,1
OZANAM HALL OF QUEENS NURSING HOME INC,26,30,56,Ozanam Hall of Queens Nursing Home,"42-41 201st St, Bayside, NY 11361, United States",Queens,40.758739,-73.782191,ChIJH8SQZNphwokRdXGwRSslO9Y,1
PARK NURSING HOME,1,0,1,Park Nursing Home,"128 Beach 115th St, Rockaway Park, NY 11694, United States",Queens,40.578651,-73.8353423,ChIJs4ISeyxowokRlg1wquSvmWc,1
PARK TERRACE CARE CENTER,0,3,3,Park Terrace Care Center Inc,"5920 Van Doren St, Flushing, NY 11368, United States",Queens,40.7388112,-73.84975519999999,ChIJxYY3pNNfwokRRjdgjklZzrk,1
PARKER JEWISH INSTITUTE FOR HEALTH CARE & REHAB,82,0,82,Parker Jewish Institute for Health Care and Rehabilitation,"271-11 76th Ave, Queens, NY 11040, United States",Queens,40.7555476,-73.7074942,ChIJzXh-SX9iwokRuSYUrtqlbXQ,1
PENINSULA NURSING AND REHABILITATION CENTER,3,1,4,Peninsula Nursing and Rehabilitation Center,"5015 Beach Channel Dr, Far Rockaway, NY 11691, United States",Queens,40.59478319999999,-73.78154719999999,ChIJwZ5c_wNmwokRjh7JxnDiWpQ,1
PROMENADE REHABILITATION AND HEALTH CARE CENTER,3,12,15,Promenade Rehabilitation Center,"1-40 Beach 114th St, Far Rockaway, NY 11694, United States",Queens,40.578713,-73.83407,ChIJ76EUXSxowokRPcyoHYmdh6Q,1
QUEENS BOULEVARD EXTENDED CARE FACILITY,4,3,7,Queens Boulevard Extended Care Facility,"6111 Queens Blvd, Woodside, NY 11377, United States",Queens,40.7416667,-73.9030556,ChIJ5WmW-uJewokRWoz49U7LOCE,1
QUEENS NASSAU REHABILITATION AND NURSING CENTER,2,4,6,Queens Nassau Rehabilitation & Nursing Center,"520 Beach 19th St, Far Rockaway, NY 11691, United States",Queens,40.6000141,-73.7520641,ChIJTbmLGqxowokRb7dp6qm1xGM,1
REGAL HEIGHTS REHABILITATION AND HEALTH CARE CENTER,7,5,12,Regal Heights Rehabilitation,"70-05 35th Ave, Jackson Heights, NY 11372, United States",Queens,40.7507901,-73.8956372,ChIJKW0p2wVfwokRGs1e76PcdJQ,1
REGO PARK NURSING HOME,20,1,21,Rego Park Health Care,"111-26 Corona Ave., Flushing, NY 11368, United States",Queens,40.7400935,-73.8489551,ChIJuR5n6NNfwokRxfTkYFP9KYA,1
RESORT NURSING HOME,3,2,5,Resort Nursing Home,"430 Beach 68th St, Arverne, NY 11692, United States",Queens,40.5934531,-73.7969948,ChIJNV0yvGFowokR6rfCBsoW3qA,1
ROCKAWAY CARE CENTER,2,1,3,Rockaway Care Center,"353 Beach 48th St, Far Rockaway, NY 11691, United States",Queens,40.5948709,-73.7793621,ChIJg70SGZFowokRqzyXSLXfvSk,1
SAPPHIRE CENTER FOR REHABILITATION AND NURSING OF,3,50,53,Sapphire Center for Rehabilitation and Nursing of Central Queens,"35-15 Parsons Blvd, Flushing, NY 11354, United States",Queens,40.7653146,-73.8233649,ChIJOzPlaxlgwokREGTh7yvdi9o,1
SILVERCREST,8,0,8,Silvercrest Asset Management,"1330 6th Ave # 38, New York, NY 10019, United States",Queens,40.7619499,-73.97848119999999,ChIJm6LRoflYwokRtPFB4ZRn_t4,1
THE GRAND REHABILITATION AND NURSING AT QUEENS,3,0,3,The Grand Rehabilitation and Nursing at Queens,"157-15 19th Ave, Whitestone, NY 11357, United States",Queens,40.7813111,-73.8051761,ChIJhRERNY6KwokR9CQ8wnXMXqs,1
THE PAVILION AT QUEENS FOR REHABILITATION & NURSING,4,11,15,The Pavilion at Queens for Rehabilitation & Nursing,"36-17 Parsons Blvd, Flushing, NY 11354, United States",Queens,40.764149,-73.822773,ChIJwcTWoRlgwokRe_PKln6n9MM,1
UNION PLAZA CARE CENTER,21,31,52,Union Plaza Care Center,"33-23 Union St, Flushing, NY 11354, United States",Queens,40.7672806,-73.82686489999999,ChIJDXsyhxtgwokR7cm3028jwhA,1
WATERVIEW NURSING CARE CENTER,2,5,7,Waterview Nursing & Rehabilitation Center,"119-15 27th Ave, Flushing, NY 11354, United States",Queens,40.7740075,-73.8480727,ChIJU-ogyfhfwokRLdcGwQU_pZs,1
"WEST LAWRENCE CARE CENTER, LLC",8,2,10,West Lawrence Care Center,"1410 Seagirt Blvd, Far Rockaway, NY 11691, United States",Queens,40.5956057,-73.7487871,ChIJUVcx1qxowokRLaPpMR8YWyA,1
WINDSOR PARK NURSING HOME,9,0,9,Windsor Park Nursing Home,"21240 Hillside Avenue, Queens Village, NY 11427, United States",Queens,40.72515,-73.75276699999999,ChIJPUpMcIFhwokRk-plhkERln4,1
WOODCREST REHABILITATION & RESIDENTIAL HEALTH CARE,5,0,5,Woodcrest Rehabilitation,"11909 26th Ave, Flushing, NY 11354, United States",Queens,40.7748818,-73.84844369999999,ChIJVYpArvhfwokRiz0QxI9uOOI,1
DIAMOND HILL NURSING AND REHABILITATION CENTER,5,0,5,Diamond Hill Nursing and Rehabilitation,"100 New Turnpike Rd, Troy, NY 12182, United States",Rensselaer,42.792949,-73.663692,ChIJvwGwbXAQ3okRdDx7Zdm0Bhw,1
EDDY MEMORIAL GERIATRIC CENTER,3,0,3,Eddy Memorial Geriatric Center,"2256 Burdett Ave, Troy, NY 12180, United States",Rensselaer,42.735033,-73.67005100000002,ChIJ4_4Wy5sP3okRwIwLZ60THE8,1
CARMEL RICHMOND HEALTHCARE AND REHABILITATION CENTER,56,2,58,ArchCare,"88 Old Town Rd, Staten Island, NY 10304, United States",Richmond,40.59547999999999,-74.09051699999999,ChIJ3c6o7uhOwokR6bz_lMC7hzs,1
"CLOVE LAKES HEALTH CARE AND REHABILITATION CENTER, INC",14,23,37,Clove Lakes Health Care,"25 Fanning St, Staten Island, NY 10314, United States",Richmond,40.608376,-74.122497,ChIJ06Ex64JOwokR8QgTZ5Y4YbI,1
EGER HEALTH CARE AND REHABILITATION CENTER,1,30,31,Eger Healthcare,"140 Meisner Ave, Staten Island, NY 10306, United States",Richmond,40.5794232,-74.1305095,ChIJeQqqvwZMwokRoE0MKzGSwRY,1
GOLDEN GATE REHABILITATION & HEALTH CARE CENTER,11,4,15,Golden Gate Rehabilitation,"191 Bradley Ave, Staten Island, NY 10314, United States",Richmond,40.60680989999999,-74.1316275,ChIJVwMslSVMwokRG634_XYMZzA,1
"NEW VANDERBILT REHABILITATION AND CARE CENTER, INC",3,23,26,New Vanderbilt Rehab & Care Center,"135 Vanderbilt Ave, Staten Island, NY 10304, United States",Richmond,40.6209761,-74.0761931,ChIJNV-OF_9KwokR9IkEbdhG0Ns,1
RICHMOND CENTER FOR REHABILITATION AND SPECIALTY,0,11,11,Richmond Center for Rehabilitation and Nursing,"91 Tompkins Ave., Staten Island, NY 10304, United States",Richmond,40.6224678,-74.0778517,ChIJq6OR2ExOwokR5EL1EiRnCSo,1
"SEA VIEW HOSPITAL, REHABILITATION CENTER AND HOME",7,19,26,NYC Health + Hospitals/SeaView,"460 Brielle Ave, Staten Island, NY 10314, United States",Richmond,40.592063,-74.1324003,ChIJLagxrRtMwokRzs7BenKhhJQ,1
SILVER LAKE SPECIALIZED REHABILITATION AND CARE CENTER,1,25,26,Silver Lake Specialized Care Center,"275 Castleton Ave, Staten Island, NY 10301, United States",Richmond,40.633888,-74.091959,ChIJbWp28zhOwokR_C6b8n0YNEs,1
STATEN ISLAND CARE CENTER,2,10,12,Staten Island Care Center,"200 Lafayette Ave, Staten Island, NY 10301, United States",Richmond,40.640047,-74.09493599999999,ChIJ47JhfjtOwokRkuKkQgYyX2g,1
VERRAZANO NURSING HOME,6,13,19,Verrazano Nursing Home,"100 Castleton Ave, Staten Island, NY 10301, United States",Richmond,40.6341433,-74.0873555,ChIJy-8TczdOwokR4JOJni_pIos,1
"FRIEDWALD CENTER FOR REHABILITATION AND NURSING, LLC",8,3,11,Friedwald Center,"475 New Hempstead Rd, New City, NY 10956, United States",Rockland,41.14840660000001,-74.03137339999999,ChIJa9ts1SzdwokRu0_-tNAizm8,1
NORTHERN MANOR GERIATRIC CENTER INC,5,7,12,Northern Manor Geriatric Center,"1 Prospect Park West, Brooklyn, NY 11215, United States",Rockland,40.6723062,-73.9708356,ChIJJ45eeghbwokRzRVvlwmncQU,2
NORTHERN METROPOLITAN RESIDENTIAL HEALTH CARE FACILITY,2,0,2,Northern Metropolitan Residential Healthcare Facility,"225 Maple Ave, Monsey, NY 10952, United States",Rockland,41.1153324,-74.06688749999999,ChIJ8_QzvoXnwokRPbj6OxwY6jA,1
"NORTHERN RIVERVIEW HEALTH CARE CENTER, INC",3,8,11,Northern Riverview Healthcare Center,"87 Rte 9W, Haverstraw, NY 10927, United States",Rockland,41.1892519,-73.9626845,ChIJ2aZXXHTEwokRzjEWe5M8rPo,1
NYACK RIDGE REHABILITATION AND NURSING CENTER,0,8,8,Nyack Ridge Rehabilitation & Nursing Center,"476 Christian Herald Rd, Valley Cottage, NY 10989, United States",Rockland,41.1172222,-73.9408333,ChIJt0eLExzCwokRTrEkSVPXKKc,1
PINE VALLEY CENTER FOR REHABILITATION AND NURSING,4,8,12,Pine Valley Center-Rehabilitation & Nursing,"661 N Main St, Spring Valley, NY 10977, United States",Rockland,41.1368736,-74.0399003,ChIJZ0kZLkjdwokRE6LKG5Dqpyc,1
THE WILLOWS AT RAMAPO REHABILITATION AND NURSING,6,19,25,The Willows at Ramapo Rehabilitation & Nursing Center,"30 Cragmere Rd, Suffern, NY 10901, United States",Rockland,41.1021729,-74.1259066,ChIJvRq-Fs3gwokRumaIDjVFIK4,1
TOLSTOY FOUNDATION REHABILITATION AND NURSING CENTER,7,3,10,Tolstoy Foundation Nursing Home,"100 Lake Rd, Valley Cottage, NY 10989, United States",Rockland,41.124993,-73.932872,ChIJsX6JrIvBwokRxbrrEtRKeEA,1
ELDERWOOD AT HORNELL,3,0,3,Elderwood at Hornell,"1 Bethesda Dr, Hornell, NY 14843, United States",Steuben,42.3463974,-77.6635132,ChIJn3fZP6-Q0YkREuQJWPhvX_Q,1
"HORNELL GARDENS, LLC",1,0,1,Hornell Gardens,"434 Monroe Ave, Hornell, NY 14843, United States",Steuben,42.3128771,-77.6575945,ChIJAz47itWQ0YkR9lKRZoKEgVE,1
IRA DAVENPORT MEMORIAL HOSPITAL SNF/HRF,6,1,7,Ira Davenport Memorial Hospital,"7571 NY-54, Bath, NY 14810, United States",Steuben,42.3743959,-77.2788715,ChIJM2FquBus0YkR3CYekkKYEdA,1
ACADIA CENTER FOR NURSING AND REHABILITATION,10,1,11,Acadia Center for Nursing and Rehabilitation,"1146 Woodcrest Ave, Riverhead, NY 11901, United States",Suffolk,40.9315514,-72.6839912,ChIJU3TeMceK6IkRXXDSyaxdijQ,1
AFFINITY SKILLED LIVING AND REHABILITATION CENTER,3,6,9,Affinity Skilled Living,"305 Locust Ave, Oakdale, NY 11769, United States",Suffolk,40.742985,-73.10854599999999,ChIJGUx9I9416IkR_-qX68rRvIY,1
APEX REHABILITATION & CARE CENTER,31,2,33,Apex Rehabilitation & Healthcare,"78 Birchwood Dr, Dix Hills, NY 11746, United States",Suffolk,40.826687,-73.394476,ChIJGeZFHyAp6IkRDuwUX9oNQO8,1
BELLHAVEN CENTER FOR REHABILITATION AND NURSING CARE,3,0,3,Bellhaven Center for Rehabilitation & Nursing Care,"110 Beaver Dam Rd, Brookhaven, NY 11719, United States",Suffolk,40.771551,-72.933893,ChIJmVauSrtP6IkRcxvirK1z-k0,1
BERKSHIRE NURSING & REHABILITATION CENTER,2,0,2,Berkshire Nursing Center,"10 Berkshire Rd, West Babylon, NY 11704, United States",Suffolk,40.7058245,-73.3444346,ChIJB0ysy8ss6IkRPRildYCSqhI,1
"BROOKHAVEN HEALTH CARE FACILITY, LLC",5,0,5,Brookhaven Health Care Facility,"801 Gazzola Dr, East Patchogue, NY 11772, United States",Suffolk,40.7828781,-72.971431,ChIJByE6uD9P6IkReWE8GwoUH34,1
BROOKSIDE MULTICARE NURSING CENTER,4,4,8,Brookside Multicare Nursing Center,"7 NY-25A, Smithtown, NY 11787, United States",Suffolk,40.861761,-73.21573599999999,ChIJuTLP4CA66IkRHf8jwsxFxOY,1
CARILLON NURSING AND REHABILITATION CENTER,25,16,41,Carillon Nursing and Rehabilitation Center,"830 Park Ave, Huntington, NY 11743, United States",Suffolk,40.856035,-73.388466,ChIJDT0TVrso6IkR6rkIjFnuTEs,1
EAST NECK NURSING & REHABILITATION CENTER,15,8,23,East Neck Nursing & Rehabilitation Center,"134 Great East Neck Rd, West Babylon, NY 11704, United States",Suffolk,40.6909082,-73.3461639,ChIJ2wPLbTjT6YkR2EywRJF7ymA,1
GOOD SAMARITAN NURSING AND REHABILITATION CARE CENTER,21,0,21,Good Samaritan Nursing Home,"101 Elm St, Sayville, NY 11782, United States",Suffolk,40.725887,-73.079194,ChIJ58vSMwxK6IkR3UIPxDZMsB8,1
GURWIN JEWISH NURSING AND REHABILITATION CENTER,28,17,45,Gurwin Jewish Nursing & Rehabilitation Center,"68 Hauppauge Rd, Commack, NY 11725, United States",Suffolk,40.8284212,-73.30053680000002,ChIJJ-wPWL8v6IkRhhXYhbZsd3s,1
HILAIRE REHAB & NURSING,6,2,8,Hilaire Rehabilitation and Nursing,"9 Hilaire Dr, Huntington, NY 11743, United States",Suffolk,40.8685646,-73.410479,ChIJAaHCbYIo6IkRc6FHDx-vfa0,1
HUNTINGTON HILLS CENTER FOR HEALTH AND REHABILITATION,11,21,32,Huntington Hills Center For Health & Rehabilitation,"400 S Service Rd, Melville, NY 11747, United States",Suffolk,40.781529,-73.404276,ChIJcdTD7tor6IkRfvMkvmzMiCo,1
ISLAND NURSING AND REHAB CENTER,6,6,12,Island Nursing & Rehab Center Inc,"5537 Express Dr N, Holtsville, NY 11742, United States",Suffolk,40.8244694,-73.0243196,ChIJJWPd5TpG6IkRIqS8qgfy62k,1
JEFFERSON'S FERRY,10,0,10,Jefferson's Ferry Life Plan Community,"1 Jefferson Ferry Dr, Centereach, NY 11720, United States",Suffolk,40.8995215,-73.0768071,ChIJ_5T_zFJH6IkRozbxko1SQ8U,1
LONG ISLAND STATE VETERANS HOME,57,6,63,Long Island State Veterans Home,"100 Patriots Rd, Stony Brook, NY 11790, United States",Suffolk,40.9054854,-73.10298440000001,ChIJmXHGTUw_6IkRax2oAb5gDbg,1
LUXOR NURSING AND REHABILITATION AT MILLS POND,5,20,25,Luxor Nursing and Rehabilitation at Mills Pond,"273 Moriches Rd, St James, NY 11780, United States",Suffolk,40.8794951,-73.14134659999999,ChIJ0RKOACg56IkRbZMYtePrPcM,1
LUXOR NURSING AND REHABILITATION AT SAYVILLE,6,15,21,Luxor Nursing And Rehabilitation at Sayville,"300 Broadway Ave, Sayville, NY 11782, United States",Suffolk,40.7650437,-73.06733489999999,ChIJ8Tfg2MZJ6IkRMbciWOIcxsQ,1
MARIA REGINA RESIDENCE INC,23,10,33,Maria Regina Residence,"1725 Brentwood Rd # 1, Brentwood, NY 11717, United States",Suffolk,40.7728678,-73.24098529999999,ChIJ-Y5Lf4Ux6IkRLB9tiOJbNMQ,1
MASSAPEQUA CENTER REHABILITATION & NURSING,6,21,27,Massapequa Center Rehabilitation & Nursing,"101 Louden Ave, Amityville, NY 11701, United States",Suffolk,40.6848356,-73.423532,ChIJJbf_pRzV6YkRu57l5wWriOw,1
MEDFORD MULTICARE CENTER FOR LIVING,5,6,11,Medford Multicare Center,"3115 Horseblock Road, Medford, NY 11763, United States",Suffolk,40.8266029,-72.9851764,ChIJJ0fHmd1F6IkR-pD83ZUerQk,1
MOMENTUM AT SOUTH BAY FOR REHABILITATION AND NURSING,19,0,19,Momentum at South Bay for Rehabilitation and Nursing,"340 E Main St, East Islip, NY 11730, United States",Suffolk,40.7344659,-73.17463819999999,ChIJw2FbDHM06IkR4LylzVvxumw,1
"OASIS REHABILITATION AND NURSING, LLC",10,0,10,Oasis Rehabilitation and Nursing,"6 Frowein Rd, Center Moriches, NY 11934, United States",Suffolk,40.808384,-72.7763277,ChIJVRP6EKJZ6IkRJGb7H-0wd0g,1
OUR LADY OF CONSOLATION NURSING AND REHABILITATIVE CARE,39,1,40,Our Lady of Consolation Nursing & Rehabilitative Care Center,"111 Beach Dr, West Islip, NY 11795, United States",Suffolk,40.689765,-73.2924067,ChIJWThf47PS6YkRjMYzzpPHZM4,1
PECONIC BAY SKILLED NURSING FACILITY,15,0,15,Peconic Bay Medical Center,"1300 Roanoke Ave, Riverhead, NY 11901, United States",Suffolk,40.934111,-72.67366969999999,ChIJQfFYRd2K6IkRv8WkSRMHAD4,1
PECONIC LANDING AT SOUTHOLD,6,3,9,Peconic Landing,"1500 Brecknock Rd, Greenport, NY 11944, United States",Suffolk,41.12184329999999,-72.3635779,ChIJwYwVJhaf6IkR-o_QgQag9V4,1
QUANTUM REHABILITATION AND NURSING LLC,8,1,9,Quantum Rehabilitation & Nursing,"63 Oakcrest Ave, Middle Island, NY 11953, United States",Suffolk,40.890292,-72.9672329,ChIJT-JnDY1D6IkRnYxffxAbzL8,1
ROSS CENTER FOR NURSING AND REHABILITATION,6,5,11,Ross Center for Health and Rehabilitation,"839 Suffolk Ave, Brentwood, NY 11717, United States",Suffolk,40.782927,-73.24183099999999,ChIJNRwPeJcx6IkRqVm-SKGkrzs,1
SMITHTOWN CENTER FOR REHABILITATION & NURSING CARE,18,3,21,Smithtown Center For Rehabilitation and Nursing Care,"391 N Country Rd, Smithtown, NY 11787, United States",Suffolk,40.871034,-73.173284,ChIJofsX5II56IkRo333HlJn4gk,1
ST CATHERINE OF SIENA NURSING AND REHABILITATION CARE,3,0,3,St. Catherine of Siena Nursing And Rehabilitation Care Center,"52 NY-25A, Smithtown, NY 11787, United States",Suffolk,40.8680923,-73.221781,ChIJv7swxls66IkRStw3Hvc7Ws8,1
"ST JOHNLAND NURSING CENTER, INC",21,21,42,"St Johnland Nursing Center, Inc.","395 Sunken Meadow Rd, Kings Park, NY 11754, United States",Suffolk,40.9030668,-73.2393996,ChIJaaCYLQ076IkRIIjmr0_AFmY,1
ST. JAMES REHABILITATION & HEALTHCARE CENTER,25,0,25,St. James Rehabilitation & Healthcare Center,"275 Moriches Rd, St James, NY 11780, United States",Suffolk,40.8785646,-73.1401053,ChIJqQDrshw56IkRJM2j8MrdX5A,1
SUFFOLK CENTER FOR REHABILITATION AND NURSING,2,1,3,Suffolk Center for Rehabilitation and Nursing,"25 Schoenfeld Blvd, Patchogue, NY 11772, United States",Suffolk,40.7692961,-72.9948047,ChIJKVV0a9VI6IkRCaGc2Lr37bs,1
SUNRISE MANOR CENTER FOR NURSING AND REHABILITATION,2,3,5,Sunrise Manor Center For Nursing,"1325 Brentwood Rd, Bay Shore, NY 11706, United States",Suffolk,40.740341,-73.238773,ChIJKyEQLE8y6IkRxeGQQnCNMOk,1
SURGE REHABILITATION AND NURSING LLC,10,4,14,Surge Rehabilitation and Nursing,"49 Oakcrest Ave, Middle Island, NY 11953, United States",Suffolk,40.8906768,-72.9666974,ChIJo2Oebo1D6IkRac-EKO1WTfE,1
THE HAMLET REHABILITATION AND HEALTHCARE CENTER AT,6,8,14,The Hamlet Rehabilitation and Healthcare Center at Nesconset,"100 Southern Blvd, Nesconset, NY 11767, United States",Suffolk,40.8500271,-73.1602448,ChIJ4YqzQuU56IkR-nqeBYhNQOM,1
THE HAMPTONS CENTER FOR REHABILITATION AND NURSING,5,14,19,The Hamptons Center for Rehabilitation and Nursing,"64 County Rd 39, Southampton, NY 11968, United States",Suffolk,40.895325,-72.40044,ChIJWYvnyJaU6IkR6FT8a_wAl_Q,1
WATERS EDGE REHAB & NURSING CENTER AT PORT JEFFERSON,2,2,4,Water's Edge Rehab and Nursing Center at Port Jefferson,"150 Dark Hollow Rd, Port Jefferson, NY 11777, United States",Suffolk,40.9347796,-73.07018049999999,ChIJE90Th4lA6IkRWtK3BcQa_ZU,1
WESTHAMPTON CARE CENTER,14,0,14,Westhampton Care Center,"78 Old Country Rd, Westhampton, NY 11977, United States",Suffolk,40.827155,-72.678516,ChIJe58YJHv26IkR_PrwvBPItLs,1
ACHIEVE REHAB AND NURSING FACILITY,2,0,2,Achieve Rehab and Nursing Facility,"170 Lake St, Liberty, NY 12754, United States",Sullivan,41.7935439,-74.7513719,ChIJOws0Dua83IkRLn7X8b8L9gQ,1
CATSKILL REGIONAL MEDICAL CENTER,3,0,3,Catskill Regional Medical Center: Emergency Room,"68 Harris-Bushville Rd, Harris, NY 12742, United States",Sullivan,41.70901,-74.73711,ChIJY5Dmjva63IkRJrNkMXZ_3iA,1
SULLIVAN COUNTY ADULT CARE CENTER,5,0,5,Care Center at Sunset Lake,"256 Sunset Lake Rd, Liberty, NY 12754, United States",Sullivan,41.7962541,-74.7072082,ChIJr59kLTW83IkRkbqScjoonc0,1
ELDERWOOD AT WAVERLY,16,0,16,Elderwood at Waverly,"37 N Chemung St, Waverly, NY 14892, United States",Tioga,42.012599,-76.52864799999999,ChIJQfW4TJQL0IkR7ER4t9fQB70,1
TEN BROECK CENTER FOR REHABILITATION & NURSING,30,0,30,Ten Broeck Center for Rehabilitation & Nursing,"1 Commons Dr, Lake Katrine, NY 12449, United States",Ulster,41.990542,-73.99557399999999,ChIJM2SaZugI3YkRRQy8Pm4tY-Y,1
WINGATE OF ULSTER,6,0,6,Wingate at Ulster,"1 Wingate Way, Highland, NY 12528, United States",Ulster,41.6980659,-73.9664116,ChIJ9W0_XbE93YkRDu2JQ2URqyc,1
GLENS FALLS CENTER FOR REHABILITATION AND NURSING,14,5,19,Glens Falls Center for Rehabilitation and Nursing,"152 Upper Sherman Ave, Queensbury, NY 12804, United States",Warren,43.3079585,-73.6648879,ChIJORLluhDO34kR0QHVPw3x1Nw,1
THE PINES AT GLENS FALLS CENTER FOR NURSING &,4,2,6,The Pines at Glens Falls Center for Nursing & Rehabilitation,"170 Warren St, Glens Falls, NY 12801, United States",Warren,43.311279,-73.63393599999999,ChIJd3a2u8HR34kRq5vaGI1D0ZY,1
"FORT HUDSON NURSING CENTER, INC.",11,0,11,Fort Hudson Health System,"319 Broadway, Fort Edward, NY 12828, United States",Washington,43.28067799999999,-73.58815899999999,ChIJ45dxyN7T34kRyjyi2Ovl9Gc,1
SODUS REHABILITATION & NURSING CENTER,1,0,1,Sodus Rehabilitation and Nursing Center,"6884 Maple Ave, Sodus, NY 14551, United States",Wayne,43.2484336,-77.0607649,ChIJU_n7X1Qk14kRmqF56BuD8dI,1
ANDRUS ON HUDSON,8,9,17,Andrus On Hudson,"185 Old Broadway, Hastings-On-Hudson, NY 10706, United States",Westchester,40.9843292,-73.88088990000001,ChIJ2fd7-frswokRVVm7j44Lt48,1
BAYBERRY NURSING HOME,2,0,2,Bayberry Care Center,"40 Keogh Ln, New Rochelle, NY 10805, United States",Westchester,40.891695,-73.784346,ChIJu0VN26-NwokRbCMgHJpD-4c,1
BETHEL NURSING & REHABILITATION CENTER,5,7,12,Bethel Nursing & Rehab Center,"17 Narragansett Ave, Ossining, NY 10562, United States",Westchester,41.1729103,-73.8442496,ChIJN5VTqVXHwokRHFFbuWoob80,1
CEDAR MANOR NURSING & REHABILITATION CENTER,2,9,11,Cedar Manor Nursing & Rehabilitation Center,"32 Cedar Ln, Ossining, NY 10562, United States",Westchester,41.17712299999999,-73.86303099999999,ChIJx59eOkrHwokRT4u4GDTS4UA,1
CORTLANDT HEALTHCARE,12,0,12,Cortlandt Healthcare,"110 Oregon Rd, Cortlandt, NY 10567, United States",Westchester,41.3127687,-73.9046132,ChIJT0PFChPJwokR8pHtgbxVhWQ,1
DUMONT CENTER FOR REHABILITATION AND NURSING CARE,1,,1,Dumont Center for Rehabilitation and Nursing Care,"676 Pelham Rd, New Rochelle, NY 10805, United States",Westchester,40.8902447,-73.7872557,ChIJdU5NXayNwokRvEto9ManL_0,1
GLEN ISLAND CENTER FOR NURSING AND REHABILITATION,3,0,3,Glen Island Center for Nursing & Rehabilitation,"490 Pelham Rd, New Rochelle, NY 10805, United States",Westchester,40.8945918,-73.78161709999999,ChIJIbRJv7qNwokRcaMImuUzTgw,1
KING STREET HOME INC,1,0,1,King Street Rehab,"787 King St, Rye Brook, NY 10573, United States",Westchester,41.02758,-73.668889,ChIJMdnrjJ2XwokRO_6APazY-Uw,1
MARTINE CENTER FOR REHABILITATION AND NURSING,5,20,25,Martine Center For Rehabilitation and Nursing,"12 Tibbits Ave, White Plains, NY 10606, United States",Westchester,41.0236167,-73.7749892,ChIJE3Rnw0GUwokRneXo9o7oaHE,1
NEW YORK STATE VETERANS HOME AT MONTROSE,9,18,27,Veterans Home,"2090 Albany Post Rd, Montrose, NY 10548, United States",Westchester,41.2409162,-73.9268088,ChIJoSjaVw_GwokRXu9mgdKSses,1
NORTH WESTCHESTER RESTORATIVE THERAPY AND NURSING,8,4,12,North Westchester Restorative Therapy & Nursing Center,"3550 Lexington Ave, Mohegan Lake, NY 10547, United States",Westchester,41.3221701,-73.85877769999999,ChIJHxlMd_HJwokRAxlPaaQj6QY,1
REGENCY EXTENDED CARE CENTER,6,32,38,Regency Extended Care Center,"65 Ashburton Ave, Yonkers, NY 10701, United States",Westchester,40.9399,-73.89411299999999,ChIJNS9iU3_ywokRN-HjkN9zvTU,1
SALEM HILLS REHABILITATION AND NURSING CENTER,10,3,13,Salem Hills Rehabilitation and Healthcare,"539 NY-22, Purdys, NY 10578, United States",Westchester,41.3311327,-73.6550745,ChIJZUcWiniywokReoSL0WdFH9o,1
SANS SOUCI REHABILITATION AND NURSING CENTER,1,9,10,Sans Souci Rehabilitation and Nursing Center,"115 Park Ave, Yonkers, NY 10703, United States",Westchester,40.94379869999999,-73.8918766,ChIJx3oIiIHtwokRqpsjcxYRMp4,1
SCHAFFER EXTENDED CARE CENTER,4,0,4,Schaffer Extended Care Center,"16 Guion Pl, New Rochelle, NY 10801, United States",Westchester,40.9126466,-73.7880188,ChIJH5Q-EpuNwokR0sCglTCOwRk,1
"SKY VIEW REHABILITATION AND HEALTH CARE CENTER, LLC",9,0,9,Sky View Rehabilitation & Health Care,"1280 Albany Post Rd, Croton-On-Hudson, NY 10520, United States",Westchester,41.2152158,-73.90768249999999,ChIJQ_7Cw_XGwokR82iqHY6Hi5I,1
SPRAIN BROOK MANOR REHAB,6,5,11,Sprain Brook Manor Rehab,"77 Jackson Ave, Scarsdale, NY 10583, United States",Westchester,40.9863641,-73.8370182,ChIJW011MTSTwokR-z9WgZaJU24,1
ST CABRINI NURSING HOME,14,8,22,St Cabrini Nursing Home,"115 Broadway, Dobbs Ferry, NY 10522, United States",Westchester,41.00853310000001,-73.87995,ChIJr050bYXswokRF1pAYcwfvOo,1
SUTTON PARK CENTER FOR NURSING AND REHABILITATION,6,7,13,Sutton Park Center For Nursing & Rehabilitation,"31 Lockwood Ave, New Rochelle, NY 10801, United States",Westchester,40.9146372,-73.786205,ChIJNQHSGpuNwokR_GGvzP00q6g,1
THE EMERALD PEEK REHABILITATION AND NURSING CENTER,2,2,4,The Emerald Peek Rehabilitation & Nursing Center,"2000 E Main St, Peekskill, NY 10566, United States",Westchester,41.2972826,-73.89127359999999,ChIJmzmy_wDJwokRCmgoy6DLPrQ,1
THE ENCLAVE AT RYE REHABILITATION AND NURSING CENTER,1,16,17,The Enclave at Rye Rehabilitation and Nursing Center,"1000 High St, Port Chester, NY 10573, United States",Westchester,40.993212,-73.677053,ChIJyxkL4EmXwokRwuI_wKWnLlA,1
THE GROVE AT VALHALLA REHABILITATION AND NURSING CENTER,1,4,5,The Grove at Valhalla Rehabilitation and Nursing Center,"61 Grasslands Rd #1543, Valhalla, NY 10595, United States",Westchester,41.0657833,-73.7833916,ChIJz8F74pmVwokRAlrSCr8eTUg,1
THE KNOLLS,0,1,1,Knoll Golf Club West,"990 Greenbank Dr, Boonton, NJ 07005, United States",Westchester,40.8963172,-74.38418109999999,ChIJwaZvADYGw4kRvV1AXcK68RA,1
"THE NEW JEWISH HOME, SARAH NEUMAN",44,0,44,"The New Jewish Home, Sarah Neuman Westchester","845 Palmer Ave, Mamaroneck, NY 10543, United States",Westchester,40.9445492,-73.74547799999999,ChIJbaECpImRwokRBTxW6kqPxQE,1
THE OSBORN,5,5,10,The Osborn,"101 Theall Rd, Rye, NY 10580, United States",Westchester,40.9725488,-73.6996066,ChIJU23EiMuRwokR03BrcfG1cfo,1
THE PARAMOUNT AT SOMERS REHABILITATION AND NURSING,9,20,29,The Paramount at Somers Rehabilitation & Nursing Center,"2811, 189 NY-100, Somers, NY 10589, United States",Westchester,41.29577099999999,-73.70418699999999,ChIJvwXZ2XmxwokRBXu8xb8pmnk,1
THE WARTBURG HOME,21,13,34,Wartburg,"Station Pl, Mt Vernon, NY 10552, United States",Westchester,40.9189921,-73.8132253,ChIJq6qqql6NwokRjwYPSCMGpe0,2
UNITED HEBREW GERIATRIC CENTER,5,6,11,United Hebrew of New Rochelle,"391 Pelham Rd, New Rochelle, NY 10805, United States",Westchester,40.8966512,-73.77904099999999,ChIJf5J5RLqNwokRcP4mc4bwc_w,1
VICTORIA HOME,2,4,6,Victoria Home Skilled Nursing and Rehabilitation,"25 N Malcolm St, Ossining, NY 10562, United States",Westchester,41.16433809999999,-73.8656592,ChIJpz-_KrbAwokRR-2rgPLa_uQ,1
WATERVIEW HILLS REHABILITATION AND NURSING CENTER,4,1,5,Waterview Hills Campus,"537 NY-22, Purdys, NY 10578, United States",Westchester,41.3314969,-73.6559188,ChIJZUcWiniywokRbntaTG5GB3A,2
WESTCHESTER CENTER FOR REHABILITATION & NURSING,5,0,5,Westchester Center for Rehabilitation & Nursing,"10 Claremont Ave #1609, Mt Vernon, NY 10550, United States",Westchester,40.91190539999999,-73.8268384,ChIJR8OBfTiNwokRG792ZwN3-70,1
WHITE PLAINS CENTER FOR NURSING CARE,5,0,5,White Plains Center for Nursing Care,"220 West New York, Post Rd, White Plains, NY 10606, United States",Westchester,41.0189143,-73.77709999999999,ChIJw4GZLGqUwokRZtInVUkNB4Q,1
YONKERS GARDENS CENTER FOR NURSING AND REHABILITATION,7,12,19,Yonkers Gardens,"115 S Broadway, Yonkers, NY 10701, United States",Westchester,40.929842,-73.8978612,ChIJJ_xgUAbzwokR3lQCl8lPCME,1
YORKTOWN REHABILITATION & NURSING CENTER,6,5,11,Yorktown Rehabilitation & Nursing Center,"2300 Catherine St, Cortlandt, NY 10567, United States",Westchester,41.2830505,-73.848069,ChIJ52jCfcbJwokRYd6bRC_MCeQ,1
WYOMING COUNTY COMMUNITY HOSPITAL SNF,2,0,2,Wyoming County Community Health System,"400 N Main St, Warsaw, NY 14569, United States",Wyoming,42.7542766,-78.130839,ChIJWXGyiN7E04kR4Jc7ivdbIdc,1
SOLDIERS AND SAILORS MEMORIAL HOSPITAL EXTENDED CARE,5,0,5,Menlo Park Veterans Memorial Home,"132 Evergreen Rd, Edison, NJ 08837, United States",Yates,40.55477459999999,-74.3306838,ChIJ44hiXWm2w4kRII5iEzpKnHo,1
